SaleID,ProductID,ProductName,Brand,Category,RetailerID,RetailerName,Channel,Location,Quantity,Price,Date
1,1,Laptop,BrandA,Electronics,1,TechGear,Online,,3,4500,2024-02-05
2,2,Coffee Maker,BrandB,Appliances,1,TechGear,Online,,1,100,2024-02-24
3,5,Blender,BrandE,Appliances,1,TechGear,Online,,4,800,2024-02-10
4,1,Laptop,BrandA,Electronics,1,TechGear,Online,,2,3000,2024-02-26
5,2,Coffee Maker,BrandB,Appliances,3,GadgetWorld,Offline,San Francisco,1,100,2024-02-09
6,5,Blender,BrandE,Appliances,1,TechGear,Online,,5,1000,2024-02-06
7,4,Desk Chair,BrandD,Furniture,1,TechGear,Online,,5,1500,2024-02-14
8,3,Smartphone,BrandC,Electronics,1,TechGear,Online,,2,1600,2024-02-04
9,4,Desk Chair,BrandD,Furniture,2,HomeEssentials,Offline,New York,2,600,2024-02-20
10,2,Coffee Maker,BrandB,Appliances,2,HomeEssentials,Offline,New York,1,100,2024-02-25
11,4,Desk Chair,BrandD,Furniture,1,TechGear,Online,,3,900,2024-02-17
12,5,Blender,BrandE,Appliances,2,HomeEssentials,Offline,New York,1,200,2024-02-03
13,4,Desk Chair,BrandD,Furniture,3,GadgetWorld,Offline,San Francisco,4,1200,2024-02-25
14,1,Laptop,BrandA,Electronics,3,GadgetWorld,Offline,San Francisco,5,7500,2024-02-19
15,3,Smartphone,BrandC,Electronics,3,GadgetWorld,Offline,San Francisco,1,800,2024-02-22
16,1,Laptop,BrandA,Electronics,3,GadgetWorld,Offline,San Francisco,3,4500,2024-02-21
17,1,Laptop,BrandA,Electronics,1,TechGear,Online,,1,1500,2024-02-01
18,4,Desk Chair,BrandD,Furniture,2,HomeEssentials,Offline,New York,3,900,2024-02-14
19,2,Coffee Maker,BrandB,Appliances,2,HomeEssentials,Offline,New York,2,200,2024-02-17
20,3,Smartphone,BrandC,Electronics,3,GadgetWorld,Offline,San Francisco,1,800,2024-01-30
21,5,Blender,BrandE,Appliances,3,GadgetWorld,Offline,San Francisco,5,1000,2024-02-23
22,2,Coffee Maker,BrandB,Appliances,1,TechGear,Online,,4,400,2024-02-14
23,3,Smartphone,BrandC,Electronics,3,GadgetWorld,Offline,San Francisco,5,4000,2024-02-06
24,2,Coffee Maker,BrandB,Appliances,3,GadgetWorld,Offline,San Francisco,1,100,2024-02-18
25,2,Coffee Maker,BrandB,Appliances,1,TechGear,Online,,3,300,2024-02-03
26,4,Desk Chair,BrandD,Furniture,2,HomeEssentials,Offline,New York,2,600,2024-02-26
27,5,Blender,BrandE,Appliances,3,GadgetWorld,Offline,San Francisco,2,400,2024-02-18
28,4,Desk Chair,BrandD,Furniture,2,HomeEssentials,Offline,New York,4,1200,2024-01-31
29,2,Coffee Maker,BrandB,Appliances,2,HomeEssentials,Offline,New York,2,200,2024-02-24
30,5,Blender,BrandE,Appliances,3,GadgetWorld,Offline,San Francisco,5,1000,2024-02-20
31,4,Desk Chair,BrandD,Furniture,3,GadgetWorld,Offline,San Francisco,3,900,2024-02-16
32,2,Coffee Maker,BrandB,Appliances,1,TechGear,Online,,4,400,2024-02-12
33,1,Laptop,BrandA,Electronics,1,TechGear,Online,,1,1500,2024-02-01
34,2,Coffee Maker,BrandB,Appliances,3,GadgetWorld,Offline,San Francisco,4,400,2024-02-23
35,5,Blender,BrandE,Appliances,1,TechGear,Online,,4,800,2024-02-16
36,5,Blender,BrandE,Appliances,2,HomeEssentials,Offline,New York,3,600,2024-02-12
37,5,Blender,BrandE,Appliances,1,TechGear,Online,,1,200,2024-02-07
38,5,Blender,BrandE,Appliances,2,HomeEssentials,Offline,New York,3,600,2024-02-04
39,1,Laptop,BrandA,Electronics,2,HomeEssentials,Offline,New York,2,3000,2024-02-15
40,4,Desk Chair,BrandD,Furniture,1,TechGear,Online,,3,900,2024-01-29
41,5,Blender,BrandE,Appliances,1,TechGear,Online,,1,200,2024-02-12
42,3,Smartphone,BrandC,Electronics,3,GadgetWorld,Offline,San Francisco,5,4000,2024-02-12
43,2,Coffee Maker,BrandB,Appliances,1,TechGear,Online,,2,200,2024-02-17
44,5,Blender,BrandE,Appliances,3,GadgetWorld,Offline,San Francisco,1,200,2024-01-30
45,5,Blender,BrandE,Appliances,2,HomeEssentials,Offline,New York,1,200,2024-02-13
46,1,Laptop,BrandA,Electronics,2,HomeEssentials,Offline,New York,3,4500,2024-01-31
47,2,Coffee Maker,BrandB,Appliances,1,TechGear,Online,,5,500,2024-02-21
48,1,Laptop,BrandA,Electronics,1,TechGear,Online,,4,6000,2024-02-05
49,1,Laptop,BrandA,Electronics,3,GadgetWorld,Offline,San Francisco,2,3000,2024-02-04
50,2,Coffee Maker,BrandB,Appliances,3,GadgetWorld,Offline,San Francisco,5,500,2024-02-13
51,2,Coffee Maker,BrandB,Appliances,2,HomeEssentials,Offline,New York,5,500,2024-02-12
52,4,Desk Chair,BrandD,Furniture,1,TechGear,Online,,5,1500,2024-01-30
53,2,Coffee Maker,BrandB,Appliances,3,GadgetWorld,Offline,San Francisco,4,400,2024-02-19
54,3,Smartphone,BrandC,Electronics,2,HomeEssentials,Offline,New York,5,4000,2024-01-31
55,4,Desk Chair,BrandD,Furniture,1,TechGear,Online,,2,600,2024-02-21
56,1,Laptop,BrandA,Electronics,2,HomeEssentials,Offline,New York,5,7500,2024-02-28
57,5,Blender,BrandE,Appliances,1,TechGear,Online,,2,400,2024-02-10
58,1,Laptop,BrandA,Electronics,1,TechGear,Online,,1,1500,2024-02-06
59,2,Coffee Maker,BrandB,Appliances,1,TechGear,Online,,1,100,2024-01-31
60,3,Smartphone,BrandC,Electronics,1,TechGear,Online,,2,1600,2024-02-12
61,3,Smartphone,BrandC,Electronics,3,GadgetWorld,Offline,San Francisco,2,1600,2024-02-13
62,5,Blender,BrandE,Appliances,1,TechGear,Online,,5,1000,2024-02-05
63,5,Blender,BrandE,Appliances,2,HomeEssentials,Offline,New York,4,800,2024-02-21
64,4,Desk Chair,BrandD,Furniture,1,TechGear,Online,,1,300,2024-02-25
65,4,Desk Chair,BrandD,Furniture,2,HomeEssentials,Offline,New York,4,1200,2024-02-15
66,4,Desk Chair,BrandD,Furniture,3,GadgetWorld,Offline,San Francisco,1,300,2024-02-27
67,1,Laptop,BrandA,Electronics,2,HomeEssentials,Offline,New York,3,4500,2024-02-05
68,1,Laptop,BrandA,Electronics,1,TechGear,Online,,2,3000,2024-02-22
69,5,Blender,BrandE,Appliances,2,HomeEssentials,Offline,New York,4,800,2024-02-24
70,2,Coffee Maker,BrandB,Appliances,2,HomeEssentials,Offline,New York,2,200,2024-02-14
71,1,Laptop,BrandA,Electronics,2,HomeEssentials,Offline,New York,5,7500,2024-02-03
1001, ,Blender,BrandE,Appliances,2,HomeEssentials,Offline,New York,4,800,2024-02-21
72,1,Laptop,BrandA,Electronics,1,TechGear,Online,,5,7500,2024-02-08
73,1,Laptop,BrandA,Electronics,1,TechGear,Online,,2,3000,2024-01-30
74,2,Coffee Maker,BrandB,Appliances,2,HomeEssentials,Offline,New York,4,400,2024-02-13
75,2,Coffee Maker,BrandB,Appliances,2,HomeEssentials,Offline,New York,1,100,2024-01-31
76,2,Coffee Maker,BrandB,Appliances,2,HomeEssentials,Offline,New York,4,400,2024-02-28
77,3,Smartphone,BrandC,Electronics,2,HomeEssentials,Offline,New York,4,3200,2024-02-19
78,5,Blender,BrandE,Appliances,3,GadgetWorld,Offline,San Francisco,4,800,2024-02-06
79,2,Coffee Maker,BrandB,Appliances,1,TechGear,Online,,2,200,2024-02-19
80,1,Laptop,BrandA,Electronics,3,GadgetWorld,Offline,San Francisco,5,7500,2024-02-05
81,1,Laptop,BrandA,Electronics,3,GadgetWorld,Offline,San Francisco,1,1500,2024-02-18
82,1,Laptop,BrandA,Electronics,3,GadgetWorld,Offline,San Francisco,5,7500,2024-02-13
83,5,Blender,BrandE,Appliances,1,TechGear,Online,,5,1000,2024-02-27
84,1,Laptop,BrandA,Electronics,1,TechGear,Online,,5,7500,2024-02-26
85,1,Laptop,BrandA,Electronics,3,GadgetWorld,Offline,San Francisco,2,3000,2024-02-01
86,4,Desk Chair,BrandD,Furniture,1,TechGear,Online,,5,1500,2024-01-29
87,2,Coffee Maker,BrandB,Appliances,3,GadgetWorld,Offline,San Francisco,1,100,2024-02-09
88,5,Blender,BrandE,Appliances,1,TechGear,Online,,5,1000,2024-02-15
89,5,Blender,BrandE,Appliances,3,GadgetWorld,Offline,San Francisco,3,600,2024-02-18
90,2,Coffee Maker,BrandB,Appliances,3,GadgetWorld,Offline,San Francisco,3,300,2024-02-06
91,2,Coffee Maker,BrandB,Appliances,2,HomeEssentials,Offline,New York,2,200,2024-02-16
92,3,Smartphone,BrandC,Electronics,2,HomeEssentials,Offline,New York,1,800,2024-02-18
93,1,Laptop,BrandA,Electronics,2,HomeEssentials,Offline,New York,5,7500,2024-02-09
94,1,Laptop,BrandA,Electronics,1,TechGear,Online,,2,3000,2024-02-11
95,5,Blender,BrandE,Appliances,2,HomeEssentials,Offline,New York,3,600,2024-02-24
96,1,Laptop,BrandA,Electronics,1,TechGear,Online,,3,4500,2024-02-17
97,2,Coffee Maker,BrandB,Appliances,2,HomeEssentials,Offline,New York,5,500,2024-02-02
98,3,Smartphone,BrandC,Electronics,3,GadgetWorld,Offline,San Francisco,5,4000,2024-02-03
99,1,Laptop,BrandA,Electronics,3,GadgetWorld,Offline,San Francisco,5,7500,2024-02-02
100,3,Smartphone,BrandC,Electronics,3,GadgetWorld,Offline,San Francisco,2,1600,2024-02-25
101,3,Smartphone,BrandC,Electronics,1,TechGear,Online,,1,800,2024-01-31
102,5,Blender,BrandE,Appliances,1,TechGear,Online,,3,600,2024-02-20
103,5,Blender,BrandE,Appliances,1,TechGear,Online,,3,600,2024-02-06
104,2,Coffee Maker,BrandB,Appliances,3,GadgetWorld,Offline,San Francisco,3,300,2024-02-08
105,5,Blender,BrandE,Appliances,2,HomeEssentials,Offline,New York,1,200,2024-02-20
106,1,Laptop,BrandA,Electronics,3,GadgetWorld,Offline,San Francisco,3,4500,2024-02-15
107,1,Laptop,BrandA,Electronics,1,TechGear,Online,,2,3000,2024-02-18
108,3,Smartphone,BrandC,Electronics,1,TechGear,Online,,4,3200,2024-02-05
109,5,Blender,BrandE,Appliances,3,GadgetWorld,Offline,San Francisco,5,1000,2024-02-15
110,1,Laptop,BrandA,Electronics,1,TechGear,Online,,2,3000,2024-02-26
111,5,Blender,BrandE,Appliances,1,TechGear,Online,,3,600,2024-02-02
112,5,Blender,BrandE,Appliances,3,GadgetWorld,Offline,San Francisco,4,800,2024-02-24
113,2,Coffee Maker,BrandB,Appliances,1,TechGear,Online,,3,300,2024-02-19
114,1,Laptop,BrandA,Electronics,2,HomeEssentials,Offline,New York,2,3000,2024-02-22
115,1,Laptop,BrandA,Electronics,2,HomeEssentials,Offline,New York,5,7500,2024-02-04
116,4,Desk Chair,BrandD,Furniture,3,GadgetWorld,Offline,San Francisco,2,600,2024-02-05
117,2,Coffee Maker,BrandB,Appliances,1,TechGear,Online,,2,200,2024-02-03
118,4,Desk Chair,BrandD,Furniture,1,TechGear,Online,,3,900,2024-02-23
119,4,Desk Chair,BrandD,Furniture,3,GadgetWorld,Offline,San Francisco,2,600,2024-02-01
120,3,Smartphone,BrandC,Electronics,1,TechGear,Online,,1,800,2024-02-03
121,4,Desk Chair,BrandD,Furniture,1,TechGear,Online,,4,1200,2024-02-01
122,2,Coffee Maker,BrandB,Appliances,1,TechGear,Online,,4,400,2024-02-02
123,3,Smartphone,BrandC,Electronics,2,HomeEssentials,Offline,New York,2,1600,2024-02-02
124,2,Coffee Maker,BrandB,Appliances,1,TechGear,Online,,2,200,2024-02-07
125,4,Desk Chair,BrandD,Furniture,2,HomeEssentials,Offline,New York,1,300,2024-02-20
126,3,Smartphone,BrandC,Electronics,2,HomeEssentials,Offline,New York,5,4000,2024-02-08
127,4,Desk Chair,BrandD,Furniture,3,GadgetWorld,Offline,San Francisco,5,1500,2024-02-02
128,3,Smartphone,BrandC,Electronics,1,TechGear,Online,,3,2400,2024-02-25
129,2,Coffee Maker,BrandB,Appliances,3,GadgetWorld,Offline,San Francisco,3,300,2024-01-29
130,1,Laptop,BrandA,Electronics,1,TechGear,Online,,4,6000,2024-02-09
131,3,Smartphone,BrandC,Electronics,3,GadgetWorld,Offline,San Francisco,3,2400,2024-02-03
132,4,Desk Chair,BrandD,Furniture,3,GadgetWorld,Offline,San Francisco,1,300,2024-02-12
133,4,Desk Chair,BrandD,Furniture,3,GadgetWorld,Offline,San Francisco,3,900,2024-02-22
134,1,Laptop,BrandA,Electronics,3,GadgetWorld,Offline,San Francisco,1,1500,2024-02-15
135,5,Blender,BrandE,Appliances,3,GadgetWorld,Offline,San Francisco,2,400,2024-02-07
136,3,Smartphone,BrandC,Electronics,2,HomeEssentials,Offline,New York,3,2400,2024-02-26
137,5,Blender,BrandE,Appliances,2,HomeEssentials,Offline,New York,1,200,2024-02-07
138,3,Smartphone,BrandC,Electronics,3,GadgetWorld,Offline,San Francisco,4,3200,2024-02-19
139,3,Smartphone,BrandC,Electronics,2,HomeEssentials,Offline,New York,3,2400,2024-02-06
140,5,Blender,BrandE,Appliances,1,TechGear,Online,,4,800,2024-02-22
141,4,Desk Chair,BrandD,Furniture,3,GadgetWorld,Offline,San Francisco,2,600,2024-02-05
142,5,Blender,BrandE,Appliances,3,GadgetWorld,Offline,San Francisco,4,800,2024-02-19
143,5,Blender,BrandE,Appliances,1,TechGear,Online,,3,600,2024-02-19
144,2,Coffee Maker,BrandB,Appliances,2,HomeEssentials,Offline,New York,5,500,2024-02-03
145,5,Blender,BrandE,Appliances,3,GadgetWorld,Offline,San Francisco,4,800,2024-02-18
146,4,Desk Chair,BrandD,Furniture,2,HomeEssentials,Offline,New York,2,600,2024-02-07
147,5,Blender,BrandE,Appliances,2,HomeEssentials,Offline,New York,2,400,2024-02-03
148,1,Laptop,BrandA,Electronics,2,HomeEssentials,Offline,New York,5,7500,2024-02-12
149,3,Smartphone,BrandC,Electronics,1,TechGear,Online,,2,1600,2024-02-02
150,3,Smartphone,BrandC,Electronics,1,TechGear,Online,,2,1600,2024-02-03
151,2,Coffee Maker,BrandB,Appliances,1,TechGear,Online,,2,200,2024-02-27
152,4,Desk Chair,BrandD,Furniture,3,GadgetWorld,Offline,San Francisco,1,300,2024-02-01
153,4,Desk Chair,BrandD,Furniture,2,HomeEssentials,Offline,New York,5,1500,2024-01-31
154,2,Coffee Maker,BrandB,Appliances,3,GadgetWorld,Offline,San Francisco,4,400,2024-02-06
155,4,Desk Chair,BrandD,Furniture,2,HomeEssentials,Offline,New York,2,600,2024-02-21
156,1,Laptop,BrandA,Electronics,1,TechGear,Online,,4,6000,2024-02-04
157,2,Coffee Maker,BrandB,Appliances,1,TechGear,Online,,5,500,2024-02-03
158,4,Desk Chair,BrandD,Furniture,1,TechGear,Online,,2,600,2024-02-11
159,1,Laptop,BrandA,Electronics,2,HomeEssentials,Offline,New York,4,6000,2024-02-24
160,5,Blender,BrandE,Appliances,3,GadgetWorld,Offline,San Francisco,3,600,2024-02-09
161,4,Desk Chair,BrandD,Furniture,3,GadgetWorld,Offline,San Francisco,5,1500,2024-02-02
162,4,Desk Chair,BrandD,Furniture,3,GadgetWorld,Offline,San Francisco,2,600,2024-02-14
163,4,Desk Chair,BrandD,Furniture,2,HomeEssentials,Offline,New York,2,600,2024-02-20
164,3,Smartphone,BrandC,Electronics,3,GadgetWorld,Offline,San Francisco,2,1600,2024-02-13
165,3,Smartphone,BrandC,Electronics,2,HomeEssentials,Offline,New York,3,2400,2024-02-26
166,2,Coffee Maker,BrandB,Appliances,2,HomeEssentials,Offline,New York,3,300,2024-02-18
167,5,Blender,BrandE,Appliances,1,TechGear,Online,,2,400,2024-02-24
168,2,Coffee Maker,BrandB,Appliances,2,HomeEssentials,Offline,New York,2,200,2024-02-06
169,2,Coffee Maker,BrandB,Appliances,1,TechGear,Online,,4,400,2024-02-15
170,3,Smartphone,BrandC,Electronics,3,GadgetWorld,Offline,San Francisco,4,3200,2024-02-14
171,1,Laptop,BrandA,Electronics,1,TechGear,Online,,4,6000,2024-02-02
172,4,Desk Chair,BrandD,Furniture,3,GadgetWorld,Offline,San Francisco,1,300,2024-01-29
173,5,Blender,BrandE,Appliances,2,HomeEssentials,Offline,New York,1,200,2024-02-13
174,3,Smartphone,BrandC,Electronics,2,HomeEssentials,Offline,New York,4,3200,2024-02-04
175,4,Desk Chair,BrandD,Furniture,3,GadgetWorld,Offline,San Francisco,5,1500,2024-02-05
176,5,Blender,BrandE,Appliances,1,TechGear,Online,,2,400,2024-02-13
177,3,Smartphone,BrandC,Electronics,2,HomeEssentials,Offline,New York,1,800,2024-02-13
178,4,Desk Chair,BrandD,Furniture,2,HomeEssentials,Offline,New York,4,1200,2024-02-07
179,2,Coffee Maker,BrandB,Appliances,2,HomeEssentials,Offline,New York,2,200,2024-01-30
180,5,Blender,BrandE,Appliances,3,GadgetWorld,Offline,San Francisco,4,800,2024-02-28
181,5,Blender,BrandE,Appliances,3,GadgetWorld,Offline,San Francisco,1,200,2024-02-07
182,1,Laptop,BrandA,Electronics,3,GadgetWorld,Offline,San Francisco,2,3000,2024-02-15
183,4,Desk Chair,BrandD,Furniture,1,TechGear,Online,,3,900,2024-02-27
184,4,Desk Chair,BrandD,Furniture,2,HomeEssentials,Offline,New York,4,1200,2024-02-22
185,3,Smartphone,BrandC,Electronics,2,HomeEssentials,Offline,New York,4,3200,2024-02-04
186,3,Smartphone,BrandC,Electronics,2,HomeEssentials,Offline,New York,1,800,2024-02-20
187,4,Desk Chair,BrandD,Furniture,1,TechGear,Online,,5,1500,2024-02-05
188,1,Laptop,BrandA,Electronics,2,HomeEssentials,Offline,New York,1,1500,2024-02-21
189,1,Laptop,BrandA,Electronics,1,TechGear,Online,,2,3000,2024-01-29
190,2,Coffee Maker,BrandB,Appliances,1,TechGear,Online,,2,200,2024-02-09
191,2,Coffee Maker,BrandB,Appliances,1,TechGear,Online,,1,100,2024-02-13
192,5,Blender,BrandE,Appliances,1,TechGear,Online,,3,600,2024-02-14
193,3,Smartphone,BrandC,Electronics,1,TechGear,Online,,5,4000,2024-02-09
194,1,Laptop,BrandA,Electronics,1,TechGear,Online,,3,4500,2024-01-29
195,1,Laptop,BrandA,Electronics,3,GadgetWorld,Offline,San Francisco,3,4500,2024-02-28
196,5,Blender,BrandE,Appliances,3,GadgetWorld,Offline,San Francisco,4,800,2024-01-30
197,4,Desk Chair,BrandD,Furniture,3,GadgetWorld,Offline,San Francisco,1,300,2024-02-22
198,5,Blender,BrandE,Appliances,3,GadgetWorld,Offline,San Francisco,2,400,2024-02-02
199,1,Laptop,BrandA,Electronics,3,GadgetWorld,Offline,San Francisco,3,4500,2024-02-04
200,5,Blender,BrandE,Appliances,1,TechGear,Online,,5,1000,2024-02-03
201,1,Laptop,BrandA,Electronics,2,HomeEssentials,Offline,New York,4,6000,2024-02-11
202,3,Smartphone,BrandC,Electronics,1,TechGear,Online,,3,2400,2024-02-12
203,1,Laptop,BrandA,Electronics,2,HomeEssentials,Offline,New York,4,6000,2024-02-02
204,1,Laptop,BrandA,Electronics,2,HomeEssentials,Offline,New York,3,4500,2024-01-29
205,4,Desk Chair,BrandD,Furniture,3,GadgetWorld,Offline,San Francisco,4,1200,2024-02-24
206,2,Coffee Maker,BrandB,Appliances,3,GadgetWorld,Offline,San Francisco,3,300,2024-02-12
207,5,Blender,BrandE,Appliances,3,GadgetWorld,Offline,San Francisco,4,800,2024-02-04
208,4,Desk Chair,BrandD,Furniture,2,HomeEssentials,Offline,New York,5,1500,2024-02-02
209,3,Smartphone,BrandC,Electronics,2,HomeEssentials,Offline,New York,2,1600,2024-02-01
210,1,Laptop,BrandA,Electronics,2,HomeEssentials,Offline,New York,4,6000,2024-01-31
211,2,Coffee Maker,BrandB,Appliances,2,HomeEssentials,Offline,New York,5,500,2024-02-10
212,4,Desk Chair,BrandD,Furniture,2,HomeEssentials,Offline,New York,4,1200,2024-02-28
213,3,Smartphone,BrandC,Electronics,1,TechGear,Online,,2,1600,2024-02-13
214,3,Smartphone,BrandC,Electronics,2,HomeEssentials,Offline,New York,3,2400,2024-02-18
215,5,Blender,BrandE,Appliances,3,GadgetWorld,Offline,San Francisco,3,600,2024-01-31
216,5,Blender,BrandE,Appliances,1,TechGear,Online,,2,400,2024-02-12
217,1,Laptop,BrandA,Electronics,1,TechGear,Online,,4,6000,2024-02-05
218,4,Desk Chair,BrandD,Furniture,3,GadgetWorld,Offline,San Francisco,2,600,2024-02-04
219,4,Desk Chair,BrandD,Furniture,3,GadgetWorld,Offline,San Francisco,4,1200,2024-02-06
220,4,Desk Chair,BrandD,Furniture,1,TechGear,Online,,3,900,2024-02-26
221,2,Coffee Maker,BrandB,Appliances,2,HomeEssentials,Offline,New York,2,200,2024-02-06
222,3,Smartphone,BrandC,Electronics,3,GadgetWorld,Offline,San Francisco,3,2400,2024-02-10
223,4,Desk Chair,BrandD,Furniture,3,GadgetWorld,Offline,San Francisco,3,900,2024-02-12
224,4,Desk Chair,BrandD,Furniture,3,GadgetWorld,Offline,San Francisco,3,900,2024-02-11
225,3,Smartphone,BrandC,Electronics,3,GadgetWorld,Offline,San Francisco,3,2400,2024-02-14
226,3,Smartphone,BrandC,Electronics,2,HomeEssentials,Offline,New York,1,800,2024-02-21
227,2,Coffee Maker,BrandB,Appliances,2,HomeEssentials,Offline,New York,5,500,2024-02-25
228,2,Coffee Maker,BrandB,Appliances,1,TechGear,Online,,4,400,2024-02-22
229,3,Smartphone,BrandC,Electronics,3,GadgetWorld,Offline,San Francisco,5,4000,2024-02-10
230,5,Blender,BrandE,Appliances,2,HomeEssentials,Offline,New York,2,400,2024-02-25
231,3,Smartphone,BrandC,Electronics,1,TechGear,Online,,2,1600,2024-02-17
232,3,Smartphone,BrandC,Electronics,1,TechGear,Online,,5,4000,2024-02-06
233,2,Coffee Maker,BrandB,Appliances,2,HomeEssentials,Offline,New York,1,100,2024-02-27
234,5,Blender,BrandE,Appliances,2,HomeEssentials,Offline,New York,2,400,2024-02-06
235,4,Desk Chair,BrandD,Furniture,1,TechGear,Online,,1,300,2024-02-01
236,5,Blender,BrandE,Appliances,2,HomeEssentials,Offline,New York,4,800,2024-02-13
237,4,Desk Chair,BrandD,Furniture,2,HomeEssentials,Offline,New York,1,300,2024-02-23
238,3,Smartphone,BrandC,Electronics,2,HomeEssentials,Offline,New York,1,800,2024-02-25
239,4,Desk Chair,BrandD,Furniture,2,HomeEssentials,Offline,New York,5,1500,2024-02-26
240,1,Laptop,BrandA,Electronics,1,TechGear,Online,,5,7500,2024-02-24
241,3,Smartphone,BrandC,Electronics,1,TechGear,Online,,1,800,2024-02-21
242,5,Blender,BrandE,Appliances,2,HomeEssentials,Offline,New York,5,1000,2024-02-09
243,5,Blender,BrandE,Appliances,1,TechGear,Online,,5,1000,2024-02-04
244,4,Desk Chair,BrandD,Furniture,2,HomeEssentials,Offline,New York,4,1200,2024-01-30
245,3,Smartphone,BrandC,Electronics,3,GadgetWorld,Offline,San Francisco,3,2400,2024-02-15
246,5,Blender,BrandE,Appliances,3,GadgetWorld,Offline,San Francisco,5,1000,2024-02-27
247,1,Laptop,BrandA,Electronics,1,TechGear,Online,,2,3000,2024-02-08
248,3,Smartphone,BrandC,Electronics,3,GadgetWorld,Offline,San Francisco,2,1600,2024-02-26
249,2,Coffee Maker,BrandB,Appliances,1,TechGear,Online,,1,100,2024-02-11
250,2,Coffee Maker,BrandB,Appliances,1,TechGear,Online,,4,400,2024-02-15
251,5,Blender,BrandE,Appliances,2,HomeEssentials,Offline,New York,1,200,2024-02-19
252,2,Coffee Maker,BrandB,Appliances,2,HomeEssentials,Offline,New York,3,300,2024-02-06
253,4,Desk Chair,BrandD,Furniture,1,TechGear,Online,,2,600,2024-02-07
254,3,Smartphone,BrandC,Electronics,3,GadgetWorld,Offline,San Francisco,2,1600,2024-02-10
255,4,Desk Chair,BrandD,Furniture,1,TechGear,Online,,2,600,2024-02-11
256,2,Coffee Maker,BrandB,Appliances,2,HomeEssentials,Offline,New York,2,200,2024-02-02
257,1,Laptop,BrandA,Electronics,1,TechGear,Online,,3,4500,2024-02-23
258,5,Blender,BrandE,Appliances,3,GadgetWorld,Offline,San Francisco,5,1000,2024-02-02
259,3,Smartphone,BrandC,Electronics,2,HomeEssentials,Offline,New York,4,3200,2024-02-25
260,3,Smartphone,BrandC,Electronics,3,GadgetWorld,Offline,San Francisco,3,2400,2024-02-16
261,5,Blender,BrandE,Appliances,3,GadgetWorld,Offline,San Francisco,4,800,2024-02-13
262,1,Laptop,BrandA,Electronics,3,GadgetWorld,Offline,San Francisco,4,6000,2024-02-27
263,3,Smartphone,BrandC,Electronics,3,GadgetWorld,Offline,San Francisco,1,800,2024-02-20
264,1,Laptop,BrandA,Electronics,1,TechGear,Online,,5,7500,2024-01-29
265,5,Blender,BrandE,Appliances,1,TechGear,Online,,3,600,2024-02-04
266,5,Blender,BrandE,Appliances,1,TechGear,Online,,2,400,2024-02-04
267,4,Desk Chair,BrandD,Furniture,3,GadgetWorld,Offline,San Francisco,4,1200,2024-02-08
268,3,Smartphone,BrandC,Electronics,1,TechGear,Online,,4,3200,2024-02-10
269,4,Desk Chair,BrandD,Furniture,1,TechGear,Online,,3,900,2024-02-13
270,4,Desk Chair,BrandD,Furniture,2,HomeEssentials,Offline,New York,1,300,2024-02-18
271,2,Coffee Maker,BrandB,Appliances,2,HomeEssentials,Offline,New York,4,400,2024-02-15
272,3,Smartphone,BrandC,Electronics,3,GadgetWorld,Offline,San Francisco,4,3200,2024-01-29
273,5,Blender,BrandE,Appliances,1,TechGear,Online,,1,200,2024-02-14
274,3,Smartphone,BrandC,Electronics,2,HomeEssentials,Offline,New York,1,800,2024-02-18
275,4,Desk Chair,BrandD,Furniture,3,GadgetWorld,Offline,San Francisco,1,300,2024-02-02
276,5,Blender,BrandE,Appliances,2,HomeEssentials,Offline,New York,1,200,2024-02-15
277,2,Coffee Maker,BrandB,Appliances,3,GadgetWorld,Offline,San Francisco,5,500,2024-02-17
278,4,Desk Chair,BrandD,Furniture,3,GadgetWorld,Offline,San Francisco,1,300,2024-02-14
279,2,Coffee Maker,BrandB,Appliances,2,HomeEssentials,Offline,New York,2,200,2024-02-11
280,3,Smartphone,BrandC,Electronics,2,HomeEssentials,Offline,New York,4,3200,2024-01-31
281,1,Laptop,BrandA,Electronics,1,TechGear,Online,,5,7500,2024-02-08
282,2,Coffee Maker,BrandB,Appliances,3,GadgetWorld,Offline,San Francisco,3,300,2024-02-23
283,5,Blender,BrandE,Appliances,1,TechGear,Online,,4,800,2024-02-11
284,1,Laptop,BrandA,Electronics,1,TechGear,Online,,1,1500,2024-02-02
285,4,Desk Chair,BrandD,Furniture,1,TechGear,Online,,2,600,2024-02-08
286,4,Desk Chair,BrandD,Furniture,3,GadgetWorld,Offline,San Francisco,5,1500,2024-02-19
287,3,Smartphone,BrandC,Electronics,2,HomeEssentials,Offline,New York,4,3200,2024-02-02
288,4,Desk Chair,BrandD,Furniture,1,TechGear,Online,,5,1500,2024-02-14
1002,6,Desk Lamp,BrandF,Electronics,1,TechGear,Online,None,3,"100USD",2024-03-01
289,2,Coffee Maker,BrandB,Appliances,2,HomeEssentials,Offline,New York,5,500,2024-02-22
290,5,Blender,BrandE,Appliances,3,GadgetWorld,Offline,San Francisco,2,400,2024-01-31
291,1,Laptop,BrandA,Electronics,2,HomeEssentials,Offline,New York,4,6000,2024-02-04
292,3,Smartphone,BrandC,Electronics,3,GadgetWorld,Offline,San Francisco,1,800,2024-02-20
293,3,Smartphone,BrandC,Electronics,3,GadgetWorld,Offline,San Francisco,5,4000,2024-02-19
294,5,Blender,BrandE,Appliances,3,GadgetWorld,Offline,San Francisco,2,400,2024-02-13
295,4,Desk Chair,BrandD,Furniture,3,GadgetWorld,Offline,San Francisco,3,900,2024-02-13
296,3,Smartphone,BrandC,Electronics,3,GadgetWorld,Offline,San Francisco,5,4000,2024-02-04
297,4,Desk Chair,BrandD,Furniture,2,HomeEssentials,Offline,New York,3,900,2024-01-30
298,2,Coffee Maker,BrandB,Appliances,3,GadgetWorld,Offline,San Francisco,5,500,2024-02-21
299,4,Desk Chair,BrandD,Furniture,1,TechGear,Online,,4,1200,2024-02-01
300,1,Laptop,BrandA,Electronics,2,HomeEssentials,Offline,New York,4,6000,2024-02-05
301,4,Desk Chair,BrandD,Furniture,2,HomeEssentials,Offline,New York,2,600,2024-02-07
302,4,Desk Chair,BrandD,Furniture,1,TechGear,Online,,5,1500,2024-02-24
303,5,Blender,BrandE,Appliances,2,HomeEssentials,Offline,New York,1,200,2024-02-01
304,4,Desk Chair,BrandD,Furniture,1,TechGear,Online,,4,1200,2024-02-12
305,1,Laptop,BrandA,Electronics,3,GadgetWorld,Offline,San Francisco,4,6000,2024-02-24
306,2,Coffee Maker,BrandB,Appliances,1,TechGear,Online,,3,300,2024-02-13
307,3,Smartphone,BrandC,Electronics,3,GadgetWorld,Offline,San Francisco,4,3200,2024-02-06
308,1,Laptop,BrandA,Electronics,2,HomeEssentials,Offline,New York,5,7500,2024-02-01
309,4,Desk Chair,BrandD,Furniture,2,HomeEssentials,Offline,New York,4,1200,2024-02-08
310,5,Blender,BrandE,Appliances,1,TechGear,Online,,1,200,2024-02-09
311,2,Coffee Maker,BrandB,Appliances,3,GadgetWorld,Offline,San Francisco,3,300,2024-02-07
312,2,Coffee Maker,BrandB,Appliances,3,GadgetWorld,Offline,San Francisco,4,400,2024-02-26
313,1,Laptop,BrandA,Electronics,3,GadgetWorld,Offline,San Francisco,1,1500,2024-02-06
314,4,Desk Chair,BrandD,Furniture,1,TechGear,Online,,3,900,2024-02-06
315,1,Laptop,BrandA,Electronics,1,TechGear,Online,,1,1500,2024-02-18
316,3,Smartphone,BrandC,Electronics,2,HomeEssentials,Offline,New York,4,3200,2024-02-17
317,2,Coffee Maker,BrandB,Appliances,1,TechGear,Online,,4,400,2024-02-12
318,5,Blender,BrandE,Appliances,3,GadgetWorld,Offline,San Francisco,2,400,2024-02-03
319,2,Coffee Maker,BrandB,Appliances,1,TechGear,Online,,5,500,2024-02-26
320,4,Desk Chair,BrandD,Furniture,3,GadgetWorld,Offline,San Francisco,2,600,2024-02-07
321,4,Desk Chair,BrandD,Furniture,3,GadgetWorld,Offline,San Francisco,2,600,2024-02-24
322,4,Desk Chair,BrandD,Furniture,3,GadgetWorld,Offline,San Francisco,4,1200,2024-02-20
323,3,Smartphone,BrandC,Electronics,3,GadgetWorld,Offline,San Francisco,4,3200,2024-02-28
324,3,Smartphone,BrandC,Electronics,3,GadgetWorld,Offline,San Francisco,2,1600,2024-02-11
325,1,Laptop,BrandA,Electronics,2,HomeEssentials,Offline,New York,3,4500,2024-01-29
326,5,Blender,BrandE,Appliances,2,HomeEssentials,Offline,New York,4,800,2024-02-08
327,3,Smartphone,BrandC,Electronics,2,HomeEssentials,Offline,New York,3,2400,2024-02-01
328,2,Coffee Maker,BrandB,Appliances,2,HomeEssentials,Offline,New York,4,400,2024-02-01
329,1,Laptop,BrandA,Electronics,1,TechGear,Online,,5,7500,2024-02-16
330,3,Smartphone,BrandC,Electronics,3,GadgetWorld,Offline,San Francisco,3,2400,2024-02-19
331,1,Laptop,BrandA,Electronics,3,GadgetWorld,Offline,San Francisco,3,4500,2024-02-16
332,1,Laptop,BrandA,Electronics,3,GadgetWorld,Offline,San Francisco,1,1500,2024-02-01
333,5,Blender,BrandE,Appliances,3,GadgetWorld,Offline,San Francisco,3,600,2024-02-13
334,2,Coffee Maker,BrandB,Appliances,3,GadgetWorld,Offline,San Francisco,3,300,2024-02-03
335,2,Coffee Maker,BrandB,Appliances,3,GadgetWorld,Offline,San Francisco,5,500,2024-02-22
336,3,Smartphone,BrandC,Electronics,3,GadgetWorld,Offline,San Francisco,2,1600,2024-02-04
337,1,Laptop,BrandA,Electronics,3,GadgetWorld,Offline,San Francisco,1,1500,2024-02-08
338,3,Smartphone,BrandC,Electronics,2,HomeEssentials,Offline,New York,5,4000,2024-02-27
339,3,Smartphone,BrandC,Electronics,3,GadgetWorld,Offline,San Francisco,1,800,2024-02-24
340,3,Smartphone,BrandC,Electronics,2,HomeEssentials,Offline,New York,4,3200,2024-02-05
341,2,Coffee Maker,BrandB,Appliances,1,TechGear,Online,,5,500,2024-02-24
342,3,Smartphone,BrandC,Electronics,3,GadgetWorld,Offline,San Francisco,3,2400,2024-02-12
343,2,Coffee Maker,BrandB,Appliances,2,HomeEssentials,Offline,New York,4,400,2024-01-30
344,3,Smartphone,BrandC,Electronics,3,GadgetWorld,Offline,San Francisco,3,2400,2024-02-01
345,1,Laptop,BrandA,Electronics,2,HomeEssentials,Offline,New York,1,1500,2024-01-29
346,2,Coffee Maker,BrandB,Appliances,1,TechGear,Online,,4,400,2024-02-01
347,5,Blender,BrandE,Appliances,2,HomeEssentials,Offline,New York,4,800,2024-02-26
348,1,Laptop,BrandA,Electronics,2,HomeEssentials,Offline,New York,1,1500,2024-02-11
349,4,Desk Chair,BrandD,Furniture,2,HomeEssentials,Offline,New York,3,900,2024-02-07
350,5,Blender,BrandE,Appliances,2,HomeEssentials,Offline,New York,3,600,2024-02-02
351,1,Laptop,BrandA,Electronics,3,GadgetWorld,Offline,San Francisco,4,6000,2024-02-21
352,1,Laptop,BrandA,Electronics,3,GadgetWorld,Offline,San Francisco,5,7500,2024-01-31
353,3,Smartphone,BrandC,Electronics,3,GadgetWorld,Offline,San Francisco,1,800,2024-02-21
354,4,Desk Chair,BrandD,Furniture,3,GadgetWorld,Offline,San Francisco,4,1200,2024-02-19
355,1,Laptop,BrandA,Electronics,1,TechGear,Online,,1,1500,2024-02-27
356,3,Smartphone,BrandC,Electronics,2,HomeEssentials,Offline,New York,1,800,2024-02-25
357,2,Coffee Maker,BrandB,Appliances,3,GadgetWorld,Offline,San Francisco,4,400,2024-02-24
358,4,Desk Chair,BrandD,Furniture,2,HomeEssentials,Offline,New York,5,1500,2024-02-07
359,4,Desk Chair,BrandD,Furniture,3,GadgetWorld,Offline,San Francisco,2,600,2024-02-05
360,4,Desk Chair,BrandD,Furniture,3,GadgetWorld,Offline,San Francisco,4,1200,2024-02-25
361,5,Blender,BrandE,Appliances,2,HomeEssentials,Offline,New York,3,600,2024-01-29
362,1,Laptop,BrandA,Electronics,3,GadgetWorld,Offline,San Francisco,2,3000,2024-02-17
363,4,Desk Chair,BrandD,Furniture,2,HomeEssentials,Offline,New York,2,600,2024-01-29
364,3,Smartphone,BrandC,Electronics,1,TechGear,Online,,3,2400,2024-02-07
365,5,Blender,BrandE,Appliances,3,GadgetWorld,Offline,San Francisco,1,200,2024-02-17
366,4,Desk Chair,BrandD,Furniture,2,HomeEssentials,Offline,New York,1,300,2024-02-22
367,4,Desk Chair,BrandD,Furniture,1,TechGear,Online,,2,600,2024-02-07
368,5,Blender,BrandE,Appliances,1,TechGear,Online,,3,600,2024-02-27
369,2,Coffee Maker,BrandB,Appliances,1,TechGear,Online,,5,500,2024-02-03
370,2,Coffee Maker,BrandB,Appliances,1,TechGear,Online,,5,500,2024-02-02
371,2,Coffee Maker,BrandB,Appliances,3,GadgetWorld,Offline,San Francisco,2,200,2024-02-22
372,3,Smartphone,BrandC,Electronics,1,TechGear,Online,,5,4000,2024-02-03
373,1,Laptop,BrandA,Electronics,2,HomeEssentials,Offline,New York,2,3000,2024-02-01
374,2,Coffee Maker,BrandB,Appliances,3,GadgetWorld,Offline,San Francisco,2,200,2024-02-20
375,1,Laptop,BrandA,Electronics,3,GadgetWorld,Offline,San Francisco,1,1500,2024-02-01
376,2,Coffee Maker,BrandB,Appliances,1,TechGear,Online,,2,200,2024-02-17
377,5,Blender,BrandE,Appliances,2,HomeEssentials,Offline,New York,2,400,2024-02-28
378,3,Smartphone,BrandC,Electronics,1,TechGear,Online,,4,3200,2024-02-24
379,5,Blender,BrandE,Appliances,1,TechGear,Online,,1,200,2024-02-05
380,4,Desk Chair,BrandD,Furniture,2,HomeEssentials,Offline,New York,3,900,2024-02-04
381,5,Blender,BrandE,Appliances,3,GadgetWorld,Offline,San Francisco,4,800,2024-02-25
382,5,Blender,BrandE,Appliances,1,TechGear,Online,,5,1000,2024-01-29
383,1,Laptop,BrandA,Electronics,3,GadgetWorld,Offline,San Francisco,5,7500,2024-02-03
384,3,Smartphone,BrandC,Electronics,2,HomeEssentials,Offline,New York,1,800,2024-02-08
385,1,Laptop,BrandA,Electronics,2,HomeEssentials,Offline,New York,4,6000,2024-02-01
386,4,Desk Chair,BrandD,Furniture,3,GadgetWorld,Offline,San Francisco,4,1200,2024-02-25
387,4,Desk Chair,BrandD,Furniture,1,TechGear,Online,,1,300,2024-01-31
388,3,Smartphone,BrandC,Electronics,3,GadgetWorld,Offline,San Francisco,1,800,2024-02-24
389,2,Coffee Maker,BrandB,Appliances,2,HomeEssentials,Offline,New York,5,500,2024-02-09
390,5,Blender,BrandE,Appliances,3,GadgetWorld,Offline,San Francisco,4,800,2024-02-18
391,5,Blender,BrandE,Appliances,3,GadgetWorld,Offline,San Francisco,4,800,2024-02-19
392,5,Blender,BrandE,Appliances,3,GadgetWorld,Offline,San Francisco,1,200,2024-02-15
393,1,Laptop,BrandA,Electronics,3,GadgetWorld,Offline,San Francisco,5,7500,2024-02-08
394,2,Coffee Maker,BrandB,Appliances,2,HomeEssentials,Offline,New York,2,200,2024-02-14
395,4,Desk Chair,BrandD,Furniture,2,HomeEssentials,Offline,New York,4,1200,2024-02-02
396,4,Desk Chair,BrandD,Furniture,2,HomeEssentials,Offline,New York,1,300,2024-02-05
397,3,Smartphone,BrandC,Electronics,2,HomeEssentials,Offline,New York,3,2400,2024-02-18
398,3,Smartphone,BrandC,Electronics,1,TechGear,Online,,4,3200,2024-02-07
399,1,Laptop,BrandA,Electronics,1,TechGear,Online,,1,1500,2024-02-02
400,1,Laptop,BrandA,Electronics,2,HomeEssentials,Offline,New York,3,4500,2024-02-25
401,2,Coffee Maker,BrandB,Appliances,3,GadgetWorld,Offline,San Francisco,5,500,2024-02-27
402,5,Blender,BrandE,Appliances,3,GadgetWorld,Offline,San Francisco,1,200,2024-02-18
403,4,Desk Chair,BrandD,Furniture,2,HomeEssentials,Offline,New York,4,1200,2024-02-01
404,1,Laptop,BrandA,Electronics,2,HomeEssentials,Offline,New York,3,4500,2024-02-09
405,3,Smartphone,BrandC,Electronics,1,TechGear,Online,,5,4000,2024-02-10
406,2,Coffee Maker,BrandB,Appliances,1,TechGear,Online,,4,400,2024-02-07
407,2,Coffee Maker,BrandB,Appliances,1,TechGear,Online,,5,500,2024-02-17
408,3,Smartphone,BrandC,Electronics,1,TechGear,Online,,3,2400,2024-02-04
409,5,Blender,BrandE,Appliances,1,TechGear,Online,,4,800,2024-02-03
410,5,Blender,BrandE,Appliances,3,GadgetWorld,Offline,San Francisco,5,1000,2024-02-09
411,1,Laptop,BrandA,Electronics,3,GadgetWorld,Offline,San Francisco,3,4500,2024-01-30
412,1,Laptop,BrandA,Electronics,1,TechGear,Online,,3,4500,2024-02-20
413,3,Smartphone,BrandC,Electronics,2,HomeEssentials,Offline,New York,2,1600,2024-02-28
414,2,Coffee Maker,BrandB,Appliances,3,GadgetWorld,Offline,San Francisco,4,400,2024-02-07
415,1,Laptop,BrandA,Electronics,1,TechGear,Online,,1,1500,2024-02-05
416,1,Laptop,BrandA,Electronics,3,GadgetWorld,Offline,San Francisco,2,3000,2024-02-12
417,4,Desk Chair,BrandD,Furniture,2,HomeEssentials,Offline,New York,3,900,2024-02-14
418,2,Coffee Maker,BrandB,Appliances,2,HomeEssentials,Offline,New York,3,300,2024-02-19
419,5,Blender,BrandE,Appliances,3,GadgetWorld,Offline,San Francisco,1,200,2024-02-26
420,2,Coffee Maker,BrandB,Appliances,1,TechGear,Online,,5,500,2024-02-04
421,1,Laptop,BrandA,Electronics,3,GadgetWorld,Offline,San Francisco,3,4500,2024-02-26
422,4,Desk Chair,BrandD,Furniture,3,GadgetWorld,Offline,San Francisco,4,1200,2024-02-15
423,5,Blender,BrandE,Appliances,2,HomeEssentials,Offline,New York,3,600,2024-02-15
424,2,Coffee Maker,BrandB,Appliances,3,GadgetWorld,Offline,San Francisco,3,300,2024-02-25
425,4,Desk Chair,BrandD,Furniture,1,TechGear,Online,,5,1500,2024-02-19
426,4,Desk Chair,BrandD,Furniture,3,GadgetWorld,Offline,San Francisco,3,900,2024-02-07
427,1,Laptop,BrandA,Electronics,1,TechGear,Online,,5,7500,2024-02-16
428,1,Laptop,BrandA,Electronics,1,TechGear,Online,,3,4500,2024-02-22
429,2,Coffee Maker,BrandB,Appliances,1,TechGear,Online,,3,300,2024-02-04
430,3,Smartphone,BrandC,Electronics,2,HomeEssentials,Offline,New York,1,800,2024-02-25
431,4,Desk Chair,BrandD,Furniture,3,GadgetWorld,Offline,San Francisco,2,600,2024-02-15
432,2,Coffee Maker,BrandB,Appliances,2,HomeEssentials,Offline,New York,2,200,2024-02-11
433,5,Blender,BrandE,Appliances,3,GadgetWorld,Offline,San Francisco,3,600,2024-02-02
434,1,Laptop,BrandA,Electronics,2,HomeEssentials,Offline,New York,1,1500,2024-02-01
435,4,Desk Chair,BrandD,Furniture,1,TechGear,Online,,1,300,2024-02-14
436,3,Smartphone,BrandC,Electronics,3,GadgetWorld,Offline,San Francisco,5,4000,2024-02-15
437,4,Desk Chair,BrandD,Furniture,3,GadgetWorld,Offline,San Francisco,4,1200,2024-02-08
438,3,Smartphone,BrandC,Electronics,1,TechGear,Online,,1,800,2024-02-16
439,3,Smartphone,BrandC,Electronics,1,TechGear,Online,,5,4000,2024-02-03
440,4,Desk Chair,BrandD,Furniture,3,GadgetWorld,Offline,San Francisco,3,900,2024-01-30
441,1,Laptop,BrandA,Electronics,2,HomeEssentials,Offline,New York,1,1500,2024-02-01
442,2,Coffee Maker,BrandB,Appliances,2,HomeEssentials,Offline,New York,4,400,2024-02-10
443,5,Blender,BrandE,Appliances,1,TechGear,Online,,3,600,2024-02-16
444,3,Smartphone,BrandC,Electronics,1,TechGear,Online,,2,1600,2024-02-18
445,1,Laptop,BrandA,Electronics,3,GadgetWorld,Offline,San Francisco,1,1500,2024-02-08
446,5,Blender,BrandE,Appliances,3,GadgetWorld,Offline,San Francisco,3,600,2024-02-22
447,3,Smartphone,BrandC,Electronics,3,GadgetWorld,Offline,San Francisco,2,1600,2024-01-29
448,2,Coffee Maker,BrandB,Appliances,1,TechGear,Online,,3,300,2024-02-24
449,2,Coffee Maker,BrandB,Appliances,1,TechGear,Online,,2,200,2024-02-09
450,1,Laptop,BrandA,Electronics,1,TechGear,Online,,4,6000,2024-01-29
451,4,Desk Chair,BrandD,Furniture,3,GadgetWorld,Offline,San Francisco,5,1500,2024-02-04
452,4,Desk Chair,BrandD,Furniture,3,GadgetWorld,Offline,San Francisco,5,1500,2024-01-30
453,5,Blender,BrandE,Appliances,2,HomeEssentials,Offline,New York,3,600,2024-02-01
454,2,Coffee Maker,BrandB,Appliances,2,HomeEssentials,Offline,New York,4,400,2024-02-26
455,4,Desk Chair,BrandD,Furniture,3,GadgetWorld,Offline,San Francisco,3,900,2024-02-19
456,5,Blender,BrandE,Appliances,1,TechGear,Online,,5,1000,2024-02-17
457,1,Laptop,BrandA,Electronics,2,HomeEssentials,Offline,New York,4,6000,2024-02-14
458,1,Laptop,BrandA,Electronics,1,TechGear,Online,,3,4500,2024-02-17
459,1,Laptop,BrandA,Electronics,3,GadgetWorld,Offline,San Francisco,1,1500,2024-02-01
460,5,Blender,BrandE,Appliances,3,GadgetWorld,Offline,San Francisco,4,800,2024-02-12
461,4,Desk Chair,BrandD,Furniture,3,GadgetWorld,Offline,San Francisco,1,300,2024-02-11
462,4,Desk Chair,BrandD,Furniture,3,GadgetWorld,Offline,San Francisco,2,600,2024-02-08
463,3,Smartphone,BrandC,Electronics,3,GadgetWorld,Offline,San Francisco,5,4000,2024-02-13
464,2,Coffee Maker,BrandB,Appliances,1,TechGear,Online,,1,100,2024-02-14
465,3,Smartphone,BrandC,Electronics,3,GadgetWorld,Offline,San Francisco,5,4000,2024-02-26
466,2,Coffee Maker,BrandB,Appliances,1,TechGear,Online,,4,400,2024-02-21
467,4,Desk Chair,BrandD,Furniture,3,GadgetWorld,Offline,San Francisco,5,1500,2024-02-12
468,2,Coffee Maker,BrandB,Appliances,2,HomeEssentials,Offline,New York,3,300,2024-02-17
469,4,Desk Chair,BrandD,Furniture,2,HomeEssentials,Offline,New York,3,900,2024-02-04
470,5,Blender,BrandE,Appliances,1,TechGear,Online,,3,600,2024-02-03
471,1,Laptop,BrandA,Electronics,2,HomeEssentials,Offline,New York,5,7500,2024-02-25
472,4,Desk Chair,BrandD,Furniture,2,HomeEssentials,Offline,New York,5,1500,2024-02-20
473,2,Coffee Maker,BrandB,Appliances,2,HomeEssentials,Offline,New York,5,500,2024-02-26
474,2,Coffee Maker,BrandB,Appliances,2,HomeEssentials,Offline,New York,4,400,2024-02-19
475,2,Coffee Maker,BrandB,Appliances,3,GadgetWorld,Offline,San Francisco,1,100,2024-02-06
476,3,Smartphone,BrandC,Electronics,3,GadgetWorld,Offline,San Francisco,3,2400,2024-02-16
477,2,Coffee Maker,BrandB,Appliances,3,GadgetWorld,Offline,San Francisco,5,500,2024-02-06
478,1,Laptop,BrandA,Electronics,3,GadgetWorld,Offline,San Francisco,4,6000,2024-02-07
479,5,Blender,BrandE,Appliances,2,HomeEssentials,Offline,New York,3,600,2024-02-28
480,3,Smartphone,BrandC,Electronics,1,TechGear,Online,,2,1600,2024-01-29
481,3,Smartphone,BrandC,Electronics,2,HomeEssentials,Offline,New York,2,1600,2024-02-22
482,2,Coffee Maker,BrandB,Appliances,1,TechGear,Online,,3,300,2024-02-26
483,1,Laptop,BrandA,Electronics,3,GadgetWorld,Offline,San Francisco,5,7500,2024-02-04
484,5,Blender,BrandE,Appliances,1,TechGear,Online,,3,600,2024-02-07
485,5,Blender,BrandE,Appliances,1,TechGear,Online,,4,800,2024-02-09
486,2,Coffee Maker,BrandB,Appliances,1,TechGear,Online,,5,500,2024-02-23
487,2,Coffee Maker,BrandB,Appliances,3,GadgetWorld,Offline,San Francisco,1,100,2024-02-14
488,4,Desk Chair,BrandD,Furniture,2,HomeEssentials,Offline,New York,2,600,2024-02-07
489,4,Desk Chair,BrandD,Furniture,3,GadgetWorld,Offline,San Francisco,4,1200,2024-02-19
490,2,Coffee Maker,BrandB,Appliances,3,GadgetWorld,Offline,San Francisco,3,300,2024-02-21
491,4,Desk Chair,BrandD,Furniture,1,TechGear,Online,,5,1500,2024-02-17
492,4,Desk Chair,BrandD,Furniture,2,HomeEssentials,Offline,New York,3,900,2024-02-04
493,4,Desk Chair,BrandD,Furniture,3,GadgetWorld,Offline,San Francisco,4,1200,2024-02-12
494,2,Coffee Maker,BrandB,Appliances,1,TechGear,Online,,5,500,2024-02-03
495,2,Coffee Maker,BrandB,Appliances,2,HomeEssentials,Offline,New York,4,400,2024-02-27
496,3,Smartphone,BrandC,Electronics,3,GadgetWorld,Offline,San Francisco,1,800,2024-01-30
497,5,Blender,BrandE,Appliances,1,TechGear,Online,,1,200,2024-02-19
498,2,Coffee Maker,BrandB,Appliances,2,HomeEssentials,Offline,New York,5,500,2024-02-14
499,2,Coffee Maker,BrandB,Appliances,2,HomeEssentials,Offline,New York,2,200,2024-02-26
500,4,Desk Chair,BrandD,Furniture,2,HomeEssentials,Offline,New York,1,300,2024-01-30
501,4,Desk Chair,BrandD,Furniture,1,TechGear,Online,,5,1500,2024-02-16
502,3,Smartphone,BrandC,Electronics,1,TechGear,Online,,1,800,2024-02-16
503,3,Smartphone,BrandC,Electronics,1,TechGear,Online,,3,2400,2024-02-28
504,1,Laptop,BrandA,Electronics,3,GadgetWorld,Offline,San Francisco,3,4500,2024-02-08
505,2,Coffee Maker,BrandB,Appliances,1,TechGear,Online,,3,300,2024-02-27
506,4,Desk Chair,BrandD,Furniture,3,GadgetWorld,Offline,San Francisco,2,600,2024-02-02
507,4,Desk Chair,BrandD,Furniture,2,HomeEssentials,Offline,New York,1,300,2024-02-09
508,1,Laptop,BrandA,Electronics,1,TechGear,Online,,2,3000,2024-02-20
509,2,Coffee Maker,BrandB,Appliances,3,GadgetWorld,Offline,San Francisco,5,500,2024-01-29
510,5,Blender,BrandE,Appliances,2,HomeEssentials,Offline,New York,3,600,2024-02-25
511,2,Coffee Maker,BrandB,Appliances,2,HomeEssentials,Offline,New York,1,100,2024-02-25
512,2,Coffee Maker,BrandB,Appliances,2,HomeEssentials,Offline,New York,5,500,2024-02-08
513,4,Desk Chair,BrandD,Furniture,1,TechGear,Online,,4,1200,2024-02-25
514,5,Blender,BrandE,Appliances,3,GadgetWorld,Offline,San Francisco,5,1000,2024-02-28
515,5,Blender,BrandE,Appliances,1,TechGear,Online,,2,400,2024-02-06
516,3,Smartphone,BrandC,Electronics,2,HomeEssentials,Offline,New York,5,4000,2024-02-28
517,3,Smartphone,BrandC,Electronics,1,TechGear,Online,,4,3200,2024-02-10
518,2,Coffee Maker,BrandB,Appliances,3,GadgetWorld,Offline,San Francisco,1,100,2024-02-07
519,5,Blender,BrandE,Appliances,2,HomeEssentials,Offline,New York,5,1000,2024-02-26
520,5,Blender,BrandE,Appliances,3,GadgetWorld,Offline,San Francisco,5,1000,2024-02-03
521,5,Blender,BrandE,Appliances,1,TechGear,Online,,4,800,2024-02-16
522,1,Laptop,BrandA,Electronics,3,GadgetWorld,Offline,San Francisco,3,4500,2024-02-16
523,3,Smartphone,BrandC,Electronics,3,GadgetWorld,Offline,San Francisco,3,2400,2024-02-28
524,1,Laptop,BrandA,Electronics,2,HomeEssentials,Offline,New York,1,1500,2024-02-21
525,5,Blender,BrandE,Appliances,3,GadgetWorld,Offline,San Francisco,3,600,2024-02-04
526,2,Coffee Maker,BrandB,Appliances,1,TechGear,Online,,5,500,2024-02-17
527,3,Smartphone,BrandC,Electronics,3,GadgetWorld,Offline,San Francisco,4,3200,2024-02-23
528,4,Desk Chair,BrandD,Furniture,3,GadgetWorld,Offline,San Francisco,2,600,2024-02-23
529,1,Laptop,BrandA,Electronics,3,GadgetWorld,Offline,San Francisco,4,6000,2024-02-04
530,1,Laptop,BrandA,Electronics,2,HomeEssentials,Offline,New York,1,1500,2024-02-22
531,2,Coffee Maker,BrandB,Appliances,1,TechGear,Online,,3,300,2024-02-18
532,5,Blender,BrandE,Appliances,2,HomeEssentials,Offline,New York,5,1000,2024-02-02
533,4,Desk Chair,BrandD,Furniture,2,HomeEssentials,Offline,New York,2,600,2024-02-27
534,3,Smartphone,BrandC,Electronics,2,HomeEssentials,Offline,New York,1,800,2024-02-01
1003,7,Office Desk,BrandG,Furniture,3,GadgetWorld,Offline,San Francisco,-1,500,2024-03-05
535,3,Smartphone,BrandC,Electronics,2,HomeEssentials,Offline,New York,3,2400,2024-02-25
536,4,Desk Chair,BrandD,Furniture,2,HomeEssentials,Offline,New York,4,1200,2024-02-05
537,4,Desk Chair,BrandD,Furniture,2,HomeEssentials,Offline,New York,4,1200,2024-02-23
538,4,Desk Chair,BrandD,Furniture,2,HomeEssentials,Offline,New York,5,1500,2024-01-30
539,3,Smartphone,BrandC,Electronics,1,TechGear,Online,,4,3200,2024-02-05
540,1,Laptop,BrandA,Electronics,2,HomeEssentials,Offline,New York,2,3000,2024-02-09
541,5,Blender,BrandE,Appliances,2,HomeEssentials,Offline,New York,1,200,2024-02-18
542,1,Laptop,BrandA,Electronics,2,HomeEssentials,Offline,New York,3,4500,2024-02-07
543,3,Smartphone,BrandC,Electronics,2,HomeEssentials,Offline,New York,4,3200,2024-02-09
544,2,Coffee Maker,BrandB,Appliances,3,GadgetWorld,Offline,San Francisco,3,300,2024-02-14
545,4,Desk Chair,BrandD,Furniture,1,TechGear,Online,,3,900,2024-02-05
546,5,Blender,BrandE,Appliances,2,HomeEssentials,Offline,New York,1,200,2024-02-20
547,1,Laptop,BrandA,Electronics,3,GadgetWorld,Offline,San Francisco,4,6000,2024-02-08
548,3,Smartphone,BrandC,Electronics,3,GadgetWorld,Offline,San Francisco,2,1600,2024-02-03
549,1,Laptop,BrandA,Electronics,1,TechGear,Online,,5,7500,2024-02-01
550,4,Desk Chair,BrandD,Furniture,1,TechGear,Online,,1,300,2024-02-24
551,2,Coffee Maker,BrandB,Appliances,3,GadgetWorld,Offline,San Francisco,3,300,2024-02-17
552,4,Desk Chair,BrandD,Furniture,3,GadgetWorld,Offline,San Francisco,5,1500,2024-02-27
553,2,Coffee Maker,BrandB,Appliances,3,GadgetWorld,Offline,San Francisco,3,300,2024-02-14
554,3,Smartphone,BrandC,Electronics,2,HomeEssentials,Offline,New York,1,800,2024-02-04
555,5,Blender,BrandE,Appliances,1,TechGear,Online,,3,600,2024-02-12
556,4,Desk Chair,BrandD,Furniture,2,HomeEssentials,Offline,New York,3,900,2024-02-08
557,2,Coffee Maker,BrandB,Appliances,1,TechGear,Online,,2,200,2024-02-28
558,4,Desk Chair,BrandD,Furniture,3,GadgetWorld,Offline,San Francisco,5,1500,2024-02-16
559,1,Laptop,BrandA,Electronics,2,HomeEssentials,Offline,New York,3,4500,2024-02-04
560,4,Desk Chair,BrandD,Furniture,1,TechGear,Online,,3,900,2024-02-09
561,4,Desk Chair,BrandD,Furniture,1,TechGear,Online,,2,600,2024-02-25
562,1,Laptop,BrandA,Electronics,2,HomeEssentials,Offline,New York,4,6000,2024-02-23
563,1,Laptop,BrandA,Electronics,3,GadgetWorld,Offline,San Francisco,3,4500,2024-01-29
564,3,Smartphone,BrandC,Electronics,3,GadgetWorld,Offline,San Francisco,5,4000,2024-02-26
565,5,Blender,BrandE,Appliances,2,HomeEssentials,Offline,New York,3,600,2024-01-31
566,2,Coffee Maker,BrandB,Appliances,3,GadgetWorld,Offline,San Francisco,2,200,2024-02-06
567,3,Smartphone,BrandC,Electronics,3,GadgetWorld,Offline,San Francisco,1,800,2024-02-21
568,2,Coffee Maker,BrandB,Appliances,1,TechGear,Online,,4,400,2024-02-21
569,1,Laptop,BrandA,Electronics,2,HomeEssentials,Offline,New York,5,7500,2024-02-11
570,3,Smartphone,BrandC,Electronics,2,HomeEssentials,Offline,New York,5,4000,2024-02-03
571,2,Coffee Maker,BrandB,Appliances,3,GadgetWorld,Offline,San Francisco,1,100,2024-01-31
572,1,Laptop,BrandA,Electronics,2,HomeEssentials,Offline,New York,4,6000,2024-02-16
573,5,Blender,BrandE,Appliances,2,HomeEssentials,Offline,New York,4,800,2024-02-04
574,5,Blender,BrandE,Appliances,1,TechGear,Online,,3,600,2024-02-24
575,1,Laptop,BrandA,Electronics,2,HomeEssentials,Offline,New York,5,7500,2024-02-14
576,3,Smartphone,BrandC,Electronics,1,TechGear,Online,,5,4000,2024-01-31
577,5,Blender,BrandE,Appliances,1,TechGear,Online,,2,400,2024-02-04
578,4,Desk Chair,BrandD,Furniture,3,GadgetWorld,Offline,San Francisco,1,300,2024-01-30
579,1,Laptop,BrandA,Electronics,3,GadgetWorld,Offline,San Francisco,3,4500,2024-02-24
580,2,Coffee Maker,BrandB,Appliances,1,TechGear,Online,,2,200,2024-02-18
581,3,Smartphone,BrandC,Electronics,3,GadgetWorld,Offline,San Francisco,3,2400,2024-01-31
582,1,Laptop,BrandA,Electronics,2,HomeEssentials,Offline,New York,5,7500,2024-02-22
583,3,Smartphone,BrandC,Electronics,1,TechGear,Online,,3,2400,2024-02-08
584,5,Blender,BrandE,Appliances,3,GadgetWorld,Offline,San Francisco,5,1000,2024-02-26
585,2,Coffee Maker,BrandB,Appliances,3,GadgetWorld,Offline,San Francisco,5,500,2024-01-29
586,2,Coffee Maker,BrandB,Appliances,1,TechGear,Online,,5,500,2024-02-07
587,5,Blender,BrandE,Appliances,2,HomeEssentials,Offline,New York,5,1000,2024-02-02
588,1,Laptop,BrandA,Electronics,1,TechGear,Online,,1,1500,2024-02-26
589,5,Blender,BrandE,Appliances,2,HomeEssentials,Offline,New York,2,400,2024-02-08
590,5,Blender,BrandE,Appliances,2,HomeEssentials,Offline,New York,1,200,2024-02-09
591,4,Desk Chair,BrandD,Furniture,3,GadgetWorld,Offline,San Francisco,3,900,2024-02-11
592,3,Smartphone,BrandC,Electronics,2,HomeEssentials,Offline,New York,4,3200,2024-02-21
593,3,Smartphone,BrandC,Electronics,2,HomeEssentials,Offline,New York,1,800,2024-02-26
594,2,Coffee Maker,BrandB,Appliances,2,HomeEssentials,Offline,New York,4,400,2024-02-15
595,4,Desk Chair,BrandD,Furniture,1,TechGear,Online,,5,1500,2024-02-18
596,2,Coffee Maker,BrandB,Appliances,2,HomeEssentials,Offline,New York,3,300,2024-02-01
597,3,Smartphone,BrandC,Electronics,2,HomeEssentials,Offline,New York,3,2400,2024-02-24
598,5,Blender,BrandE,Appliances,3,GadgetWorld,Offline,San Francisco,3,600,2024-02-25
599,2,Coffee Maker,BrandB,Appliances,2,HomeEssentials,Offline,New York,3,300,2024-02-25
600,4,Desk Chair,BrandD,Furniture,1,TechGear,Online,,1,300,2024-02-24
601,1,Laptop,BrandA,Electronics,2,HomeEssentials,Offline,New York,4,6000,2024-01-29
602,5,Blender,BrandE,Appliances,2,HomeEssentials,Offline,New York,2,400,2024-02-21
603,3,Smartphone,BrandC,Electronics,3,GadgetWorld,Offline,San Francisco,3,2400,2024-02-05
604,2,Coffee Maker,BrandB,Appliances,1,TechGear,Online,,5,500,2024-02-13
605,4,Desk Chair,BrandD,Furniture,2,HomeEssentials,Offline,New York,3,900,2024-01-31
606,4,Desk Chair,BrandD,Furniture,1,TechGear,Online,,4,1200,2024-02-26
607,5,Blender,BrandE,Appliances,2,HomeEssentials,Offline,New York,2,400,2024-01-29
608,2,Coffee Maker,BrandB,Appliances,3,GadgetWorld,Offline,San Francisco,1,100,2024-02-17
609,1,Laptop,BrandA,Electronics,2,HomeEssentials,Offline,New York,5,7500,2024-02-13
610,4,Desk Chair,BrandD,Furniture,2,HomeEssentials,Offline,New York,1,300,2024-02-11
611,1,Laptop,BrandA,Electronics,2,HomeEssentials,Offline,New York,3,4500,2024-02-24
612,3,Smartphone,BrandC,Electronics,2,HomeEssentials,Offline,New York,1,800,2024-02-17
613,4,Desk Chair,BrandD,Furniture,1,TechGear,Online,,5,1500,2024-02-10
614,2,Coffee Maker,BrandB,Appliances,2,HomeEssentials,Offline,New York,3,300,2024-02-11
615,1,Laptop,BrandA,Electronics,2,HomeEssentials,Offline,New York,4,6000,2024-02-12
616,5,Blender,BrandE,Appliances,2,HomeEssentials,Offline,New York,5,1000,2024-02-02
617,5,Blender,BrandE,Appliances,1,TechGear,Online,,1,200,2024-02-24
618,4,Desk Chair,BrandD,Furniture,2,HomeEssentials,Offline,New York,3,900,2024-02-03
619,5,Blender,BrandE,Appliances,2,HomeEssentials,Offline,New York,2,400,2024-02-04
620,2,Coffee Maker,BrandB,Appliances,3,GadgetWorld,Offline,San Francisco,4,400,2024-02-12
621,5,Blender,BrandE,Appliances,1,TechGear,Online,,1,200,2024-02-27
622,2,Coffee Maker,BrandB,Appliances,3,GadgetWorld,Offline,San Francisco,4,400,2024-02-18
623,5,Blender,BrandE,Appliances,2,HomeEssentials,Offline,New York,5,1000,2024-02-24
624,5,Blender,BrandE,Appliances,1,TechGear,Online,,5,1000,2024-02-18
625,3,Smartphone,BrandC,Electronics,1,TechGear,Online,,5,4000,2024-02-16
626,3,Smartphone,BrandC,Electronics,3,GadgetWorld,Offline,San Francisco,5,4000,2024-02-18
627,5,Blender,BrandE,Appliances,3,GadgetWorld,Offline,San Francisco,5,1000,2024-02-13
628,3,Smartphone,BrandC,Electronics,2,HomeEssentials,Offline,New York,1,800,2024-02-02
629,3,Smartphone,BrandC,Electronics,2,HomeEssentials,Offline,New York,1,800,2024-02-07
630,4,Desk Chair,BrandD,Furniture,3,GadgetWorld,Offline,San Francisco,1,300,2024-02-19
631,5,Blender,BrandE,Appliances,2,HomeEssentials,Offline,New York,5,1000,2024-02-20
632,5,Blender,BrandE,Appliances,1,TechGear,Online,,1,200,2024-02-05
633,5,Blender,BrandE,Appliances,2,HomeEssentials,Offline,New York,5,1000,2024-02-23
634,5,Blender,BrandE,Appliances,2,HomeEssentials,Offline,New York,2,400,2024-02-24
635,1,Laptop,BrandA,Electronics,3,GadgetWorld,Offline,San Francisco,1,1500,2024-01-29
636,2,Coffee Maker,BrandB,Appliances,1,TechGear,Online,,3,300,2024-02-14
637,4,Desk Chair,BrandD,Furniture,1,TechGear,Online,,2,600,2024-02-15
638,4,Desk Chair,BrandD,Furniture,3,GadgetWorld,Offline,San Francisco,5,1500,2024-02-04
639,4,Desk Chair,BrandD,Furniture,3,GadgetWorld,Offline,San Francisco,1,300,2024-02-05
640,2,Coffee Maker,BrandB,Appliances,3,GadgetWorld,Offline,San Francisco,5,500,2024-02-22
641,3,Smartphone,BrandC,Electronics,3,GadgetWorld,Offline,San Francisco,5,4000,2024-02-13
642,4,Desk Chair,BrandD,Furniture,2,HomeEssentials,Offline,New York,2,600,2024-01-29
643,4,Desk Chair,BrandD,Furniture,3,GadgetWorld,Offline,San Francisco,5,1500,2024-02-18
644,3,Smartphone,BrandC,Electronics,3,GadgetWorld,Offline,San Francisco,3,2400,2024-02-04
645,5,Blender,BrandE,Appliances,2,HomeEssentials,Offline,New York,2,400,2024-02-22
646,3,Smartphone,BrandC,Electronics,3,GadgetWorld,Offline,San Francisco,2,1600,2024-02-19
647,3,Smartphone,BrandC,Electronics,2,HomeEssentials,Offline,New York,2,1600,2024-02-06
648,4,Desk Chair,BrandD,Furniture,2,HomeEssentials,Offline,New York,3,900,2024-02-13
649,5,Blender,BrandE,Appliances,3,GadgetWorld,Offline,San Francisco,3,600,2024-02-20
650,1,Laptop,BrandA,Electronics,3,GadgetWorld,Offline,San Francisco,5,7500,2024-02-07
651,4,Desk Chair,BrandD,Furniture,2,HomeEssentials,Offline,New York,3,900,2024-02-02
652,2,Coffee Maker,BrandB,Appliances,2,HomeEssentials,Offline,New York,3,300,2024-02-27
653,1,Laptop,BrandA,Electronics,2,HomeEssentials,Offline,New York,4,6000,2024-01-30
654,3,Smartphone,BrandC,Electronics,3,GadgetWorld,Offline,San Francisco,2,1600,2024-02-13
655,2,Coffee Maker,BrandB,Appliances,3,GadgetWorld,Offline,San Francisco,5,500,2024-02-20
656,3,Smartphone,BrandC,Electronics,1,TechGear,Online,,5,4000,2024-02-25
657,5,Blender,BrandE,Appliances,1,TechGear,Online,,1,200,2024-02-21
658,5,Blender,BrandE,Appliances,1,TechGear,Online,,2,400,2024-02-08
659,1,Laptop,BrandA,Electronics,1,TechGear,Online,,3,4500,2024-02-15
660,4,Desk Chair,BrandD,Furniture,1,TechGear,Online,,2,600,2024-02-07
661,1,Laptop,BrandA,Electronics,3,GadgetWorld,Offline,San Francisco,2,3000,2024-01-30
662,4,Desk Chair,BrandD,Furniture,3,GadgetWorld,Offline,San Francisco,4,1200,2024-01-30
663,4,Desk Chair,BrandD,Furniture,3,GadgetWorld,Offline,San Francisco,3,900,2024-02-22
664,3,Smartphone,BrandC,Electronics,2,HomeEssentials,Offline,New York,1,800,2024-02-08
665,1,Laptop,BrandA,Electronics,3,GadgetWorld,Offline,San Francisco,2,3000,2024-02-10
666,5,Blender,BrandE,Appliances,3,GadgetWorld,Offline,San Francisco,1,200,2024-02-05
667,2,Coffee Maker,BrandB,Appliances,2,HomeEssentials,Offline,New York,2,200,2024-01-31
668,1,Laptop,BrandA,Electronics,2,HomeEssentials,Offline,New York,4,6000,2024-02-03
669,2,Coffee Maker,BrandB,Appliances,3,GadgetWorld,Offline,San Francisco,3,300,2024-01-29
670,1,Laptop,BrandA,Electronics,1,TechGear,Online,,5,7500,2024-02-19
671,5,Blender,BrandE,Appliances,1,TechGear,Online,,3,600,2024-01-30
672,3,Smartphone,BrandC,Electronics,2,HomeEssentials,Offline,New York,5,4000,2024-02-08
673,5,Blender,BrandE,Appliances,2,HomeEssentials,Offline,New York,2,400,2024-01-31
674,5,Blender,BrandE,Appliances,2,HomeEssentials,Offline,New York,2,400,2024-02-20
675,1,Laptop,BrandA,Electronics,2,HomeEssentials,Offline,New York,4,6000,2024-02-23
676,3,Smartphone,BrandC,Electronics,3,GadgetWorld,Offline,San Francisco,1,800,2024-02-23
677,3,Smartphone,BrandC,Electronics,2,HomeEssentials,Offline,New York,2,1600,2024-02-10
678,2,Coffee Maker,BrandB,Appliances,3,GadgetWorld,Offline,San Francisco,4,400,2024-02-01
679,4,Desk Chair,BrandD,Furniture,3,GadgetWorld,Offline,San Francisco,1,300,2024-02-18
680,4,Desk Chair,BrandD,Furniture,3,GadgetWorld,Offline,San Francisco,2,600,2024-02-25
681,2,Coffee Maker,BrandB,Appliances,2,HomeEssentials,Offline,New York,2,200,2024-02-18
682,1,Laptop,BrandA,Electronics,2,HomeEssentials,Offline,New York,2,3000,2024-02-16
683,4,Desk Chair,BrandD,Furniture,2,HomeEssentials,Offline,New York,3,900,2024-01-29
684,3,Smartphone,BrandC,Electronics,3,GadgetWorld,Offline,San Francisco,5,4000,2024-02-05
685,1,Laptop,BrandA,Electronics,2,HomeEssentials,Offline,New York,3,4500,2024-02-08
686,2,Coffee Maker,BrandB,Appliances,1,TechGear,Online,,1,100,2024-02-07
687,4,Desk Chair,BrandD,Furniture,2,HomeEssentials,Offline,New York,4,1200,2024-02-23
688,5,Blender,BrandE,Appliances,3,GadgetWorld,Offline,San Francisco,3,600,2024-02-04
689,1,Laptop,BrandA,Electronics,3,GadgetWorld,Offline,San Francisco,3,4500,2024-01-30
690,3,Smartphone,BrandC,Electronics,3,GadgetWorld,Offline,San Francisco,2,1600,2024-02-21
691,2,Coffee Maker,BrandB,Appliances,2,HomeEssentials,Offline,New York,4,400,2024-02-24
692,5,Blender,BrandE,Appliances,2,HomeEssentials,Offline,New York,5,1000,2024-02-15
693,4,Desk Chair,BrandD,Furniture,3,GadgetWorld,Offline,San Francisco,2,600,2024-02-03
694,2,Coffee Maker,BrandB,Appliances,3,GadgetWorld,Offline,San Francisco,5,500,2024-02-04
695,1,Laptop,BrandA,Electronics,3,GadgetWorld,Offline,San Francisco,5,7500,2024-02-14
696,3,Smartphone,BrandC,Electronics,1,TechGear,Online,,5,4000,2024-01-30
697,1,Laptop,BrandA,Electronics,1,TechGear,Online,,5,7500,2024-02-02
698,5,Blender,BrandE,Appliances,1,TechGear,Online,,5,1000,2024-02-10
699,2,Coffee Maker,BrandB,Appliances,1,TechGear,Online,,5,500,2024-02-18
700,4,Desk Chair,BrandD,Furniture,1,TechGear,Online,,2,600,2024-02-07
701,5,Blender,BrandE,Appliances,2,HomeEssentials,Offline,New York,5,1000,2024-02-26
702,4,Desk Chair,BrandD,Furniture,1,TechGear,Online,,2,600,2024-02-14
703,5,Blender,BrandE,Appliances,2,HomeEssentials,Offline,New York,5,1000,2024-02-14
704,1,Laptop,BrandA,Electronics,3,GadgetWorld,Offline,San Francisco,3,4500,2024-02-14
705,1,Laptop,BrandA,Electronics,2,HomeEssentials,Offline,New York,1,1500,2024-02-20
706,2,Coffee Maker,BrandB,Appliances,3,GadgetWorld,Offline,San Francisco,1,100,2024-02-26
707,4,Desk Chair,BrandD,Furniture,2,HomeEssentials,Offline,New York,1,300,2024-02-06
708,5,Blender,BrandE,Appliances,1,TechGear,Online,,1,200,2024-01-30
709,4,Desk Chair,BrandD,Furniture,1,TechGear,Online,,4,1200,2024-02-19
710,2,Coffee Maker,BrandB,Appliances,1,TechGear,Online,,4,400,2024-02-04
711,3,Smartphone,BrandC,Electronics,2,HomeEssentials,Offline,New York,4,3200,2024-02-14
712,4,Desk Chair,BrandD,Furniture,1,TechGear,Online,,5,1500,2024-02-07
713,2,Coffee Maker,BrandB,Appliances,3,GadgetWorld,Offline,San Francisco,3,300,2024-02-01
714,1,Laptop,BrandA,Electronics,1,TechGear,Online,,4,6000,2024-02-11
715,5,Blender,BrandE,Appliances,1,TechGear,Online,,2,400,2024-02-05
716,1,Laptop,BrandA,Electronics,1,TechGear,Online,,4,6000,2024-02-19
717,5,Blender,BrandE,Appliances,2,HomeEssentials,Offline,New York,4,800,2024-02-11
718,2,Coffee Maker,BrandB,Appliances,1,TechGear,Online,,3,300,2024-02-14
719,2,Coffee Maker,BrandB,Appliances,2,HomeEssentials,Offline,New York,1,100,2024-02-22
720,1,Laptop,BrandA,Electronics,3,GadgetWorld,Offline,San Francisco,5,7500,2024-02-15
721,1,Laptop,BrandA,Electronics,1,TechGear,Online,,1,1500,2024-02-22
722,1,Laptop,BrandA,Electronics,3,GadgetWorld,Offline,San Francisco,4,6000,2024-02-27
723,5,Blender,BrandE,Appliances,3,GadgetWorld,Offline,San Francisco,1,200,2024-02-06
724,2,Coffee Maker,BrandB,Appliances,3,GadgetWorld,Offline,San Francisco,4,400,2024-02-27
725,4,Desk Chair,BrandD,Furniture,1,TechGear,Online,,2,600,2024-02-11
726,1,Laptop,BrandA,Electronics,1,TechGear,Online,,3,4500,2024-02-12
727,2,Coffee Maker,BrandB,Appliances,3,GadgetWorld,Offline,San Francisco,3,300,2024-02-10
728,5,Blender,BrandE,Appliances,3,GadgetWorld,Offline,San Francisco,3,600,2024-02-04
729,2,Coffee Maker,BrandB,Appliances,2,HomeEssentials,Offline,New York,2,200,2024-01-31
730,5,Blender,BrandE,Appliances,1,TechGear,Online,,3,600,2024-02-15
731,3,Smartphone,BrandC,Electronics,1,TechGear,Online,,5,4000,2024-02-11
732,2,Coffee Maker,BrandB,Appliances,3,GadgetWorld,Offline,San Francisco,4,400,2024-02-07
733,5,Blender,BrandE,Appliances,2,HomeEssentials,Offline,New York,3,600,2024-02-27
734,4,Desk Chair,BrandD,Furniture,3,GadgetWorld,Offline,San Francisco,4,1200,2024-02-18
735,4,Desk Chair,BrandD,Furniture,1,TechGear,Online,,4,1200,2024-02-19
736,2,Coffee Maker,BrandB,Appliances,3,GadgetWorld,Offline,San Francisco,2,200,2024-02-13
737,2,Coffee Maker,BrandB,Appliances,2,HomeEssentials,Offline,New York,2,200,2024-02-01
738,4,Desk Chair,BrandD,Furniture,1,TechGear,Online,,4,1200,2024-02-11
739,4,Desk Chair,BrandD,Furniture,3,GadgetWorld,Offline,San Francisco,2,600,2024-02-12
740,4,Desk Chair,BrandD,Furniture,1,TechGear,Online,,2,600,2024-02-20
741,3,Smartphone,BrandC,Electronics,3,GadgetWorld,Offline,San Francisco,4,3200,2024-02-26
742,3,Smartphone,BrandC,Electronics,1,TechGear,Online,,2,1600,2024-02-11
743,1,Laptop,BrandA,Electronics,2,HomeEssentials,Offline,New York,5,7500,2024-02-16
744,5,Blender,BrandE,Appliances,1,TechGear,Online,,1,200,2024-02-01
745,2,Coffee Maker,BrandB,Appliances,3,GadgetWorld,Offline,San Francisco,5,500,2024-02-05
746,2,Coffee Maker,BrandB,Appliances,2,HomeEssentials,Offline,New York,3,300,2024-02-22
747,3,Smartphone,BrandC,Electronics,1,TechGear,Online,,2,1600,2024-02-22
748,1,Laptop,BrandA,Electronics,3,GadgetWorld,Offline,San Francisco,4,6000,2024-02-04
749,2,Coffee Maker,BrandB,Appliances,3,GadgetWorld,Offline,San Francisco,2,200,2024-02-09
750,4,Desk Chair,BrandD,Furniture,1,TechGear,Online,,3,900,2024-02-11
751,3,Smartphone,BrandC,Electronics,2,HomeEssentials,Offline,New York,5,4000,2024-02-14
752,3,Smartphone,BrandC,Electronics,2,HomeEssentials,Offline,New York,3,2400,2024-02-20
753,5,Blender,BrandE,Appliances,2,HomeEssentials,Offline,New York,1,200,2024-02-14
754,4,Desk Chair,BrandD,Furniture,2,HomeEssentials,Offline,New York,2,600,2024-01-30
755,3,Smartphone,BrandC,Electronics,2,HomeEssentials,Offline,New York,1,800,2024-02-15
756,5,Blender,BrandE,Appliances,1,TechGear,Online,,2,400,2024-02-05
757,1,Laptop,BrandA,Electronics,2,HomeEssentials,Offline,New York,5,7500,2024-02-11
758,5,Blender,BrandE,Appliances,3,GadgetWorld,Offline,San Francisco,3,600,2024-02-15
759,2,Coffee Maker,BrandB,Appliances,1,TechGear,Online,,2,200,2024-02-18
760,4,Desk Chair,BrandD,Furniture,3,GadgetWorld,Offline,San Francisco,2,600,2024-02-02
761,4,Desk Chair,BrandD,Furniture,3,GadgetWorld,Offline,San Francisco,3,900,2024-02-08
762,3,Smartphone,BrandC,Electronics,2,HomeEssentials,Offline,New York,4,3200,2024-01-29
763,4,Desk Chair,BrandD,Furniture,1,TechGear,Online,,3,900,2024-02-05
764,2,Coffee Maker,BrandB,Appliances,1,TechGear,Online,,5,500,2024-02-05
765,4,Desk Chair,BrandD,Furniture,1,TechGear,Online,,5,1500,2024-01-30
766,1,Laptop,BrandA,Electronics,3,GadgetWorld,Offline,San Francisco,1,1500,2024-02-27
767,1,Laptop,BrandA,Electronics,1,TechGear,Online,,2,3000,2024-02-15
768,2,Coffee Maker,BrandB,Appliances,1,TechGear,Online,,2,200,2024-02-06
769,1,Laptop,BrandA,Electronics,1,TechGear,Online,,4,6000,2024-02-12
770,3,Smartphone,BrandC,Electronics,1,TechGear,Online,,5,4000,2024-02-09
771,4,Desk Chair,BrandD,Furniture,3,GadgetWorld,Offline,San Francisco,1,300,2024-02-13
772,1,Laptop,BrandA,Electronics,3,GadgetWorld,Offline,San Francisco,4,6000,2024-02-11
773,1,Laptop,BrandA,Electronics,1,TechGear,Online,,3,4500,2024-02-12
774,5,Blender,BrandE,Appliances,2,HomeEssentials,Offline,New York,5,1000,2024-02-28
775,4,Desk Chair,BrandD,Furniture,1,TechGear,Online,,1,300,2024-02-25
776,5,Blender,BrandE,Appliances,1,TechGear,Online,,2,400,2024-02-21
777,5,Blender,BrandE,Appliances,3,GadgetWorld,Offline,San Francisco,3,600,2024-02-20
778,3,Smartphone,BrandC,Electronics,2,HomeEssentials,Offline,New York,3,2400,2024-02-26
779,4,Desk Chair,BrandD,Furniture,2,HomeEssentials,Offline,New York,2,600,2024-02-10
780,2,Coffee Maker,BrandB,Appliances,2,HomeEssentials,Offline,New York,1,100,2024-02-07
781,1,Laptop,BrandA,Electronics,1,TechGear,Online,,4,6000,2024-02-16
782,4,Desk Chair,BrandD,Furniture,3,GadgetWorld,Offline,San Francisco,1,300,2024-02-13
783,1,Laptop,BrandA,Electronics,3,GadgetWorld,Offline,San Francisco,1,1500,2024-02-23
784,4,Desk Chair,BrandD,Furniture,2,HomeEssentials,Offline,New York,3,900,2024-02-08
785,5,Blender,BrandE,Appliances,1,TechGear,Online,,5,1000,2024-01-31
786,1,Laptop,BrandA,Electronics,1,TechGear,Online,,5,7500,2024-02-22
787,4,Desk Chair,BrandD,Furniture,2,HomeEssentials,Offline,New York,1,300,2024-02-27
788,3,Smartphone,BrandC,Electronics,3,GadgetWorld,Offline,San Francisco,1,800,2024-02-10
789,2,Coffee Maker,BrandB,Appliances,2,HomeEssentials,Offline,New York,2,200,2024-02-28
790,5,Blender,BrandE,Appliances,1,TechGear,Online,,4,800,2024-02-04
791,1,Laptop,BrandA,Electronics,2,HomeEssentials,Offline,New York,5,7500,2024-02-23
792,2,Coffee Maker,BrandB,Appliances,3,GadgetWorld,Offline,San Francisco,4,400,2024-02-02
793,5,Blender,BrandE,Appliances,2,HomeEssentials,Offline,New York,2,400,2024-02-16
794,1,Laptop,BrandA,Electronics,3,GadgetWorld,Offline,San Francisco,3,4500,2024-02-05
795,1,Laptop,BrandA,Electronics,1,TechGear,Online,,2,3000,2024-02-15
796,1,Laptop,BrandA,Electronics,2,HomeEssentials,Offline,New York,5,7500,2024-02-09
797,5,Blender,BrandE,Appliances,2,HomeEssentials,Offline,New York,3,600,2024-02-04
798,1,Laptop,BrandA,Electronics,3,GadgetWorld,Offline,San Francisco,4,6000,2024-02-20
799,4,Desk Chair,BrandD,Furniture,1,TechGear,Online,,5,1500,2024-02-17
800,4,Desk Chair,BrandD,Furniture,2,HomeEssentials,Offline,New York,5,1500,2024-02-23
801,4,Desk Chair,BrandD,Furniture,1,TechGear,Online,,5,1500,2024-02-04
802,3,Smartphone,BrandC,Electronics,1,TechGear,Online,,1,800,2024-02-06
803,1,Laptop,BrandA,Electronics,2,HomeEssentials,Offline,New York,4,6000,2024-02-24
804,2,Coffee Maker,BrandB,Appliances,3,GadgetWorld,Offline,San Francisco,3,300,2024-02-16
805,3,Smartphone,BrandC,Electronics,1,TechGear,Online,,1,800,2024-02-26
806,3,Smartphone,BrandC,Electronics,2,HomeEssentials,Offline,New York,3,2400,2024-02-17
807,1,Laptop,BrandA,Electronics,1,TechGear,Online,,2,3000,2024-02-26
808,4,Desk Chair,BrandD,Furniture,2,HomeEssentials,Offline,New York,5,1500,2024-02-11
809,5,Blender,BrandE,Appliances,2,HomeEssentials,Offline,New York,1,200,2024-02-25
810,1,Laptop,BrandA,Electronics,2,HomeEssentials,Offline,New York,1,1500,2024-02-11
811,5,Blender,BrandE,Appliances,3,GadgetWorld,Offline,San Francisco,3,600,2024-02-03
812,4,Desk Chair,BrandD,Furniture,1,TechGear,Online,,4,1200,2024-02-19
813,4,Desk Chair,BrandD,Furniture,1,TechGear,Online,,5,1500,2024-02-05
814,2,Coffee Maker,BrandB,Appliances,3,GadgetWorld,Offline,San Francisco,2,200,2024-02-12
815,4,Desk Chair,BrandD,Furniture,1,TechGear,Online,,3,900,2024-02-24
816,3,Smartphone,BrandC,Electronics,2,HomeEssentials,Offline,New York,2,1600,2024-02-13
817,1,Laptop,BrandA,Electronics,1,TechGear,Online,,3,4500,2024-02-15
818,4,Desk Chair,BrandD,Furniture,2,HomeEssentials,Offline,New York,1,300,2024-02-13
819,3,Smartphone,BrandC,Electronics,2,HomeEssentials,Offline,New York,2,1600,2024-01-29
820,4,Desk Chair,BrandD,Furniture,3,GadgetWorld,Offline,San Francisco,2,600,2024-02-09
1004,5,Blender,BrandE,Appliances,2,HomeEssentials,Offline,New York,4,800,2024-02-21
821,4,Desk Chair,BrandD,Furniture,1,TechGear,Online,,3,900,2024-02-24
822,1,Laptop,BrandA,Electronics,2,HomeEssentials,Offline,New York,5,7500,2024-02-18
823,4,Desk Chair,BrandD,Furniture,2,HomeEssentials,Offline,New York,3,900,2024-02-14
824,4,Desk Chair,BrandD,Furniture,3,GadgetWorld,Offline,San Francisco,2,600,2024-02-09
825,3,Smartphone,BrandC,Electronics,2,HomeEssentials,Offline,New York,2,1600,2024-02-09
826,4,Desk Chair,BrandD,Furniture,2,HomeEssentials,Offline,New York,4,1200,2024-02-23
827,3,Smartphone,BrandC,Electronics,2,HomeEssentials,Offline,New York,4,3200,2024-02-05
828,5,Blender,BrandE,Appliances,1,TechGear,Online,,4,800,2024-02-18
829,3,Smartphone,BrandC,Electronics,2,HomeEssentials,Offline,New York,1,800,2024-02-17
830,5,Blender,BrandE,Appliances,1,TechGear,Online,,5,1000,2024-02-10
831,2,Coffee Maker,BrandB,Appliances,3,GadgetWorld,Offline,San Francisco,5,500,2024-02-04
832,1,Laptop,BrandA,Electronics,3,GadgetWorld,Offline,San Francisco,2,3000,2024-02-14
833,4,Desk Chair,BrandD,Furniture,2,HomeEssentials,Offline,New York,1,300,2024-02-02
834,4,Desk Chair,BrandD,Furniture,3,GadgetWorld,Offline,San Francisco,2,600,2024-02-13
835,3,Smartphone,BrandC,Electronics,1,TechGear,Online,,2,1600,2024-02-20
836,4,Desk Chair,BrandD,Furniture,2,HomeEssentials,Offline,New York,4,1200,2024-02-26
837,5,Blender,BrandE,Appliances,2,HomeEssentials,Offline,New York,4,800,2024-02-10
838,5,Blender,BrandE,Appliances,3,GadgetWorld,Offline,San Francisco,4,800,2024-01-30
839,5,Blender,BrandE,Appliances,1,TechGear,Online,,3,600,2024-02-03
840,5,Blender,BrandE,Appliances,3,GadgetWorld,Offline,San Francisco,1,200,2024-02-08
841,1,Laptop,BrandA,Electronics,1,TechGear,Online,,3,4500,2024-02-07
842,2,Coffee Maker,BrandB,Appliances,3,GadgetWorld,Offline,San Francisco,1,100,2024-02-09
843,5,Blender,BrandE,Appliances,3,GadgetWorld,Offline,San Francisco,4,800,2024-02-07
844,3,Smartphone,BrandC,Electronics,2,HomeEssentials,Offline,New York,1,800,2024-02-25
845,1,Laptop,BrandA,Electronics,2,HomeEssentials,Offline,New York,5,7500,2024-02-21
846,5,Blender,BrandE,Appliances,3,GadgetWorld,Offline,San Francisco,5,1000,2024-02-10
847,2,Coffee Maker,BrandB,Appliances,2,HomeEssentials,Offline,New York,4,400,2024-02-17
848,4,Desk Chair,BrandD,Furniture,3,GadgetWorld,Offline,San Francisco,5,1500,2024-02-10
849,2,Coffee Maker,BrandB,Appliances,2,HomeEssentials,Offline,New York,4,400,2024-02-28
850,1,Laptop,BrandA,Electronics,2,HomeEssentials,Offline,New York,1,1500,2024-02-15
851,1,Laptop,BrandA,Electronics,3,GadgetWorld,Offline,San Francisco,3,4500,2024-02-24
852,3,Smartphone,BrandC,Electronics,2,HomeEssentials,Offline,New York,2,1600,2024-02-14
853,5,Blender,BrandE,Appliances,2,HomeEssentials,Offline,New York,4,800,2024-02-17
854,1,Laptop,BrandA,Electronics,2,HomeEssentials,Offline,New York,4,6000,2024-02-05
855,3,Smartphone,BrandC,Electronics,1,TechGear,Online,,1,800,2024-02-19
856,1,Laptop,BrandA,Electronics,1,TechGear,Online,,3,4500,2024-02-01
857,1,Laptop,BrandA,Electronics,3,GadgetWorld,Offline,San Francisco,2,3000,2024-02-03
858,2,Coffee Maker,BrandB,Appliances,3,GadgetWorld,Offline,San Francisco,5,500,2024-02-23
859,2,Coffee Maker,BrandB,Appliances,2,HomeEssentials,Offline,New York,4,400,2024-02-11
860,4,Desk Chair,BrandD,Furniture,1,TechGear,Online,,4,1200,2024-02-03
861,2,Coffee Maker,BrandB,Appliances,1,TechGear,Online,,4,400,2024-02-08
862,4,Desk Chair,BrandD,Furniture,1,TechGear,Online,,5,1500,2024-02-05
863,2,Coffee Maker,BrandB,Appliances,2,HomeEssentials,Offline,New York,4,400,2024-02-10
864,4,Desk Chair,BrandD,Furniture,1,TechGear,Online,,2,600,2024-02-06
865,2,Coffee Maker,BrandB,Appliances,2,HomeEssentials,Offline,New York,1,100,2024-02-04
866,5,Blender,BrandE,Appliances,1,TechGear,Online,,5,1000,2024-02-03
867,2,Coffee Maker,BrandB,Appliances,2,HomeEssentials,Offline,New York,2,200,2024-02-18
868,4,Desk Chair,BrandD,Furniture,1,TechGear,Online,,4,1200,2024-02-20
869,5,Blender,BrandE,Appliances,3,GadgetWorld,Offline,San Francisco,5,1000,2024-02-18
870,4,Desk Chair,BrandD,Furniture,3,GadgetWorld,Offline,San Francisco,5,1500,2024-02-16
871,1,Laptop,BrandA,Electronics,2,HomeEssentials,Offline,New York,4,6000,2024-02-17
872,5,Blender,BrandE,Appliances,1,TechGear,Online,,3,600,2024-02-02
873,5,Blender,BrandE,Appliances,3,GadgetWorld,Offline,San Francisco,2,400,2024-02-26
874,3,Smartphone,BrandC,Electronics,1,TechGear,Online,,3,2400,2024-02-21
875,1,Laptop,BrandA,Electronics,1,TechGear,Online,,2,3000,2024-02-17
876,5,Blender,BrandE,Appliances,2,HomeEssentials,Offline,New York,5,1000,2024-02-15
877,2,Coffee Maker,BrandB,Appliances,3,GadgetWorld,Offline,San Francisco,4,400,2024-02-16
878,2,Coffee Maker,BrandB,Appliances,2,HomeEssentials,Offline,New York,5,500,2024-02-08
879,2,Coffee Maker,BrandB,Appliances,3,GadgetWorld,Offline,San Francisco,4,400,2024-02-23
880,3,Smartphone,BrandC,Electronics,1,TechGear,Online,,3,2400,2024-02-23
881,4,Desk Chair,BrandD,Furniture,3,GadgetWorld,Offline,San Francisco,3,900,2024-02-27
882,1,Laptop,BrandA,Electronics,2,HomeEssentials,Offline,New York,2,3000,2024-02-24
883,4,Desk Chair,BrandD,Furniture,3,GadgetWorld,Offline,San Francisco,4,1200,2024-02-12
884,4,Desk Chair,BrandD,Furniture,3,GadgetWorld,Offline,San Francisco,4,1200,2024-02-13
885,4,Desk Chair,BrandD,Furniture,2,HomeEssentials,Offline,New York,1,300,2024-02-23
886,5,Blender,BrandE,Appliances,1,TechGear,Online,,2,400,2024-02-03
887,3,Smartphone,BrandC,Electronics,1,TechGear,Online,,2,1600,2024-02-20
888,5,Blender,BrandE,Appliances,2,HomeEssentials,Offline,New York,4,800,2024-02-23
889,5,Blender,BrandE,Appliances,3,GadgetWorld,Offline,San Francisco,4,800,2024-02-04
890,5,Blender,BrandE,Appliances,3,GadgetWorld,Offline,San Francisco,5,1000,2024-02-25
891,1,Laptop,BrandA,Electronics,2,HomeEssentials,Offline,New York,5,7500,2024-02-04
892,3,Smartphone,BrandC,Electronics,3,GadgetWorld,Offline,San Francisco,1,800,2024-02-02
893,4,Desk Chair,BrandD,Furniture,3,GadgetWorld,Offline,San Francisco,4,1200,2024-02-22
894,1,Laptop,BrandA,Electronics,3,GadgetWorld,Offline,San Francisco,2,3000,2024-02-02
895,3,Smartphone,BrandC,Electronics,1,TechGear,Online,,3,2400,2024-02-14
896,3,Smartphone,BrandC,Electronics,1,TechGear,Online,,1,800,2024-02-14
897,2,Coffee Maker,BrandB,Appliances,1,TechGear,Online,,5,500,2024-02-03
898,3,Smartphone,BrandC,Electronics,3,GadgetWorld,Offline,San Francisco,4,3200,2024-02-09
899,2,Coffee Maker,BrandB,Appliances,3,GadgetWorld,Offline,San Francisco,2,200,2024-02-24
900,2,Coffee Maker,BrandB,Appliances,1,TechGear,Online,,3,300,2024-02-10
901,5,Blender,BrandE,Appliances,2,HomeEssentials,Offline,New York,5,1000,2024-02-09
902,2,Coffee Maker,BrandB,Appliances,2,HomeEssentials,Offline,New York,3,300,2024-02-06
903,3,Smartphone,BrandC,Electronics,3,GadgetWorld,Offline,San Francisco,5,4000,2024-02-20
904,1,Laptop,BrandA,Electronics,1,TechGear,Online,,4,6000,2024-01-29
905,1,Laptop,BrandA,Electronics,2,HomeEssentials,Offline,New York,2,3000,2024-02-01
906,2,Coffee Maker,BrandB,Appliances,1,TechGear,Online,,3,300,2024-02-24
907,2,Coffee Maker,BrandB,Appliances,3,GadgetWorld,Offline,San Francisco,4,400,2024-02-16
908,2,Coffee Maker,BrandB,Appliances,3,GadgetWorld,Offline,San Francisco,3,300,2024-02-08
909,4,Desk Chair,BrandD,Furniture,2,HomeEssentials,Offline,New York,1,300,2024-02-14
910,1,Laptop,BrandA,Electronics,2,HomeEssentials,Offline,New York,3,4500,2024-02-12
911,3,Smartphone,BrandC,Electronics,2,HomeEssentials,Offline,New York,4,3200,2024-01-29
912,3,Smartphone,BrandC,Electronics,3,GadgetWorld,Offline,San Francisco,1,800,2024-02-28
913,4,Desk Chair,BrandD,Furniture,3,GadgetWorld,Offline,San Francisco,3,900,2024-02-07
914,1,Laptop,BrandA,Electronics,3,GadgetWorld,Offline,San Francisco,2,3000,2024-02-16
915,4,Desk Chair,BrandD,Furniture,1,TechGear,Online,,3,900,2024-02-13
916,3,Smartphone,BrandC,Electronics,2,HomeEssentials,Offline,New York,5,4000,2024-02-18
917,5,Blender,BrandE,Appliances,1,TechGear,Online,,4,800,2024-02-10
918,3,Smartphone,BrandC,Electronics,3,GadgetWorld,Offline,San Francisco,1,800,2024-02-04
919,1,Laptop,BrandA,Electronics,1,TechGear,Online,,4,6000,2024-02-08
920,1,Laptop,BrandA,Electronics,1,TechGear,Online,,2,3000,2024-01-30
921,4,Desk Chair,BrandD,Furniture,2,HomeEssentials,Offline,New York,4,1200,2024-02-28
922,2,Coffee Maker,BrandB,Appliances,3,GadgetWorld,Offline,San Francisco,2,200,2024-01-30
923,3,Smartphone,BrandC,Electronics,1,TechGear,Online,,3,2400,2024-02-01
924,1,Laptop,BrandA,Electronics,3,GadgetWorld,Offline,San Francisco,3,4500,2024-02-17
925,1,Laptop,BrandA,Electronics,2,HomeEssentials,Offline,New York,2,3000,2024-02-07
926,1,Laptop,BrandA,Electronics,2,HomeEssentials,Offline,New York,3,4500,2024-02-08
927,2,Coffee Maker,BrandB,Appliances,2,HomeEssentials,Offline,New York,1,100,2024-02-08
928,1,Laptop,BrandA,Electronics,1,TechGear,Online,,4,6000,2024-02-22
929,1,Laptop,BrandA,Electronics,1,TechGear,Online,,2,3000,2024-02-10
930,5,Blender,BrandE,Appliances,3,GadgetWorld,Offline,San Francisco,1,200,2024-02-14
931,1,Laptop,BrandA,Electronics,3,GadgetWorld,Offline,San Francisco,1,1500,2024-02-18
932,4,Desk Chair,BrandD,Furniture,3,GadgetWorld,Offline,San Francisco,4,1200,2024-02-24
933,1,Laptop,BrandA,Electronics,1,TechGear,Online,,1,1500,2024-02-16
934,1,Laptop,BrandA,Electronics,1,TechGear,Online,,3,4500,2024-02-18
935,3,Smartphone,BrandC,Electronics,1,TechGear,Online,,2,1600,2024-02-16
936,2,Coffee Maker,BrandB,Appliances,1,TechGear,Online,,5,500,2024-02-12
937,1,Laptop,BrandA,Electronics,3,GadgetWorld,Offline,San Francisco,2,3000,2024-02-08
938,4,Desk Chair,BrandD,Furniture,2,HomeEssentials,Offline,New York,2,600,2024-02-05
939,2,Coffee Maker,BrandB,Appliances,2,HomeEssentials,Offline,New York,4,400,2024-02-09
940,2,Coffee Maker,BrandB,Appliances,1,TechGear,Online,,1,100,2024-01-31
941,2,Coffee Maker,BrandB,Appliances,1,TechGear,Online,,4,400,2024-02-10
942,3,Smartphone,BrandC,Electronics,2,HomeEssentials,Offline,New York,2,1600,2024-02-18
943,2,Coffee Maker,BrandB,Appliances,2,HomeEssentials,Offline,New York,1,100,2024-02-08
944,2,Coffee Maker,BrandB,Appliances,3,GadgetWorld,Offline,San Francisco,5,500,2024-02-09
945,5,Blender,BrandE,Appliances,2,HomeEssentials,Offline,New York,1,200,2024-02-04
946,3,Smartphone,BrandC,Electronics,1,TechGear,Online,,5,4000,2024-02-12
947,5,Blender,BrandE,Appliances,1,TechGear,Online,,4,800,2024-02-05
948,3,Smartphone,BrandC,Electronics,3,GadgetWorld,Offline,San Francisco,2,1600,2024-02-27
949,4,Desk Chair,BrandD,Furniture,2,HomeEssentials,Offline,New York,2,600,2024-02-25
950,4,Desk Chair,BrandD,Furniture,3,GadgetWorld,Offline,San Francisco,1,300,2024-02-09
951,5,Blender,BrandE,Appliances,1,TechGear,Online,,3,600,2024-02-17
952,2,Coffee Maker,BrandB,Appliances,2,HomeEssentials,Offline,New York,5,500,2024-02-01
953,4,Desk Chair,BrandD,Furniture,2,HomeEssentials,Offline,New York,2,600,2024-02-11
954,4,Desk Chair,BrandD,Furniture,1,TechGear,Online,,5,1500,2024-02-28
955,1,Laptop,BrandA,Electronics,1,TechGear,Online,,2,3000,2024-02-20
956,1,Laptop,BrandA,Electronics,1,TechGear,Online,,4,6000,2024-01-29
957,5,Blender,BrandE,Appliances,2,HomeEssentials,Offline,New York,5,1000,2024-02-08
958,4,Desk Chair,BrandD,Furniture,2,HomeEssentials,Offline,New York,4,1200,2024-02-06
959,1,Laptop,BrandA,Electronics,3,GadgetWorld,Offline,San Francisco,5,7500,2024-02-11
960,5,Blender,BrandE,Appliances,1,TechGear,Online,,1,200,2024-02-20
961,3,Smartphone,BrandC,Electronics,1,TechGear,Online,,2,1600,2024-02-12
962,2,Coffee Maker,BrandB,Appliances,3,GadgetWorld,Offline,San Francisco,4,400,2024-02-18
963,5,Blender,BrandE,Appliances,3,GadgetWorld,Offline,San Francisco,1,200,2024-02-04
964,3,Smartphone,BrandC,Electronics,3,GadgetWorld,Offline,San Francisco,2,1600,2024-02-15
965,1,Laptop,BrandA,Electronics,1,TechGear,Online,,4,6000,2024-02-26
966,1,Laptop,BrandA,Electronics,2,HomeEssentials,Offline,New York,5,7500,2024-02-09
967,1,Laptop,BrandA,Electronics,2,HomeEssentials,Offline,New York,2,3000,2024-02-07
968,1,Laptop,BrandA,Electronics,1,TechGear,Online,,2,3000,2024-02-06
969,1,Laptop,BrandA,Electronics,1,TechGear,Online,,3,4500,2024-02-13
970,5,Blender,BrandE,Appliances,3,GadgetWorld,Offline,San Francisco,3,600,2024-02-03
971,2,Coffee Maker,BrandB,Appliances,2,HomeEssentials,Offline,New York,3,300,2024-02-24
972,1,Laptop,BrandA,Electronics,1,TechGear,Online,,4,6000,2024-02-18
973,3,Smartphone,BrandC,Electronics,3,GadgetWorld,Offline,San Francisco,3,2400,2024-02-26
974,5,Blender,BrandE,Appliances,3,GadgetWorld,Offline,San Francisco,4,800,2024-02-26
975,4,Desk Chair,BrandD,Furniture,3,GadgetWorld,Offline,San Francisco,1,300,2024-02-17
976,4,Desk Chair,BrandD,Furniture,3,GadgetWorld,Offline,San Francisco,3,900,2024-02-23
977,2,Coffee Maker,BrandB,Appliances,2,HomeEssentials,Offline,New York,1,100,2024-02-04
978,5,Blender,BrandE,Appliances,3,GadgetWorld,Offline,San Francisco,1,200,2024-02-05
979,2,Coffee Maker,BrandB,Appliances,3,GadgetWorld,Offline,San Francisco,1,100,2024-02-12
980,1,Laptop,BrandA,Electronics,1,TechGear,Online,,1,1500,2024-02-21
981,4,Desk Chair,BrandD,Furniture,2,HomeEssentials,Offline,New York,2,600,2024-02-16
982,2,Coffee Maker,BrandB,Appliances,1,TechGear,Online,,4,400,2024-02-11
1005,8,Coffee Machine,BrandH,Appliances,2,HomeEssentials,Offline,New York,1,200,2024/02/28
983,2,Coffee Maker,BrandB,Appliances,2,HomeEssentials,Offline,New York,4,400,2024-02-21
984,3,Smartphone,BrandC,Electronics,2,HomeEssentials,Offline,New York,1,800,2024-02-02
985,5,Blender,BrandE,Appliances,2,HomeEssentials,Offline,New York,5,1000,2024-02-25
986,1,Laptop,BrandA,Electronics,1,TechGear,Online,,5,7500,2024-02-21
987,1,Laptop,BrandA,Electronics,2,HomeEssentials,Offline,New York,4,6000,2024-02-26
988,3,Smartphone,BrandC,Electronics,2,HomeEssentials,Offline,New York,1,800,2024-02-18
989,5,Blender,BrandE,Appliances,2,HomeEssentials,Offline,New York,3,600,2024-02-28
990,2,Coffee Maker,BrandB,Appliances,2,HomeEssentials,Offline,New York,3,300,2024-02-10
991,5,Blender,BrandE,Appliances,1,TechGear,Online,,3,600,2024-02-14
992,5,Blender,BrandE,Appliances,2,HomeEssentials,Offline,New York,2,400,2024-02-04
993,5,Blender,BrandE,Appliances,1,TechGear,Online,,1,200,2024-02-24
994,4,Desk Chair,BrandD,Furniture,1,TechGear,Online,,5,1500,2024-02-21
995,3,Smartphone,BrandC,Electronics,3,GadgetWorld,Offline,San Francisco,1,800,2024-02-02
996,3,Smartphone,BrandC,Electronics,1,TechGear,Online,,4,3200,2024-02-04
997,3,Smartphone,BrandC,Electronics,1,TechGear,Online,,5,4000,2024-02-22
998,2,Coffee Maker,BrandB,Appliances,2,HomeEssentials,Offline,New York,1,100,2024-02-13
999,2,Coffee Maker,BrandB,Appliances,3,GadgetWorld,Offline,San Francisco,1,100,2024-02-20
1000,1,Laptop,BrandA,Electronics,1,TechGear,Online,,5,7500,2024-01-31
